index	speaker	text	voice_cue	bank_name	subsong_index	duration_seconds	bucket	wav_file	metadata_file	script_path	line_no	voice_line_no	acb_path
1	燐羽	どうぞ、続けて。ミーティング。	sud_vo_adv_dear_hmsz_020_krnh-001	sud_vo_adv_dear_hmsz_020	33	2.885	reject	C:\Repositories\GakumasuVoice\output\rinha\items\reject\どうぞ、続けて。ミーティング。.wav	C:\Repositories\GakumasuVoice\output\rinha\items\reject\どうぞ、続けて。ミーティング。.json	/data/data/com.bandainamcoent.idolmaster_gakuen/files/octo/v1/400/3/5233393733/7cde23d4c88fe8f5323e11faada7d569	49	50	/data/data/com.bandainamcoent.idolmaster_gakuen/files/octo/v1/400/1/523131383531/430413eced1e6aa168ef9091632e0ab4
2	燐羽	あなたもでしょ。	sud_vo_adv_dear_hmsz_020_krnh-002	sud_vo_adv_dear_hmsz_020	34	1.304	reject	C:\Repositories\GakumasuVoice\output\rinha\items\reject\あなたもでしょ。.wav	C:\Repositories\GakumasuVoice\output\rinha\items\reject\あなたもでしょ。.json	/data/data/com.bandainamcoent.idolmaster_gakuen/files/octo/v1/400/3/5233393733/7cde23d4c88fe8f5323e11faada7d569	60	61	/data/data/com.bandainamcoent.idolmaster_gakuen/files/octo/v1/400/1/523131383531/430413eced1e6aa168ef9091632e0ab4
3	燐羽	悪いわね、プロデューサー。	sud_vo_adv_dear_hmsz_020_krnh-003	sud_vo_adv_dear_hmsz_020	35	2.068	reject	C:\Repositories\GakumasuVoice\output\rinha\items\reject\悪いわね、プロデューサー。.wav	C:\Repositories\GakumasuVoice\output\rinha\items\reject\悪いわね、プロデューサー。.json	/data/data/com.bandainamcoent.idolmaster_gakuen/files/octo/v1/400/3/5233393733/7cde23d4c88fe8f5323e11faada7d569	62	63	/data/data/com.bandainamcoent.idolmaster_gakuen/files/octo/v1/400/1/523131383531/430413eced1e6aa168ef9091632e0ab4
4	燐羽	今日からこの教室、元『SyngUp!』の\nたまり場になったから。	sud_vo_adv_dear_hmsz_020_krnh-004	sud_vo_adv_dear_hmsz_020	36	5.149	keep	C:\Repositories\GakumasuVoice\output\rinha\items\keep\今日からこの教室、元『SyngUp!』の_たまり場になったから。.wav	C:\Repositories\GakumasuVoice\output\rinha\items\keep\今日からこの教室、元『SyngUp!』の_たまり場になったから。.json	/data/data/com.bandainamcoent.idolmaster_gakuen/files/octo/v1/400/3/5233393733/7cde23d4c88fe8f5323e11faada7d569	64	69	/data/data/com.bandainamcoent.idolmaster_gakuen/files/octo/v1/400/1/523131383531/430413eced1e6aa168ef9091632e0ab4
5	燐羽	は？　カケラもしてないけど。\nただ……	sud_vo_adv_dear_hmsz_020_krnh-005	sud_vo_adv_dear_hmsz_020	37	4.393	keep	C:\Repositories\GakumasuVoice\output\rinha\items\keep\は？_カケラもしてないけど。_ただ…….wav	C:\Repositories\GakumasuVoice\output\rinha\items\keep\は？_カケラもしてないけど。_ただ…….json	/data/data/com.bandainamcoent.idolmaster_gakuen/files/octo/v1/400/3/5233393733/7cde23d4c88fe8f5323e11faada7d569	80	82	/data/data/com.bandainamcoent.idolmaster_gakuen/files/octo/v1/400/1/523131383531/430413eced1e6aa168ef9091632e0ab4
6	燐羽	アイドルやめるのを、ほんのすこし……\n……遅らせることにしただけ。	sud_vo_adv_dear_hmsz_020_krnh-006	sud_vo_adv_dear_hmsz_020	38	7.395	keep	C:\Repositories\GakumasuVoice\output\rinha\items\keep\アイドルやめるのを、ほんのすこし……_……遅らせることにしただけ。.wav	C:\Repositories\GakumasuVoice\output\rinha\items\keep\アイドルやめるのを、ほんのすこし……_……遅らせることにしただけ。.json	/data/data/com.bandainamcoent.idolmaster_gakuen/files/octo/v1/400/3/5233393733/7cde23d4c88fe8f5323e11faada7d569	83	84	/data/data/com.bandainamcoent.idolmaster_gakuen/files/octo/v1/400/1/523131383531/430413eced1e6aa168ef9091632e0ab4
7	燐羽	やめてくれない？	sud_vo_adv_dear_hmsz_020_krnh-007	sud_vo_adv_dear_hmsz_020	39	1.600	reject	C:\Repositories\GakumasuVoice\output\rinha\items\reject\やめてくれない？.wav	C:\Repositories\GakumasuVoice\output\rinha\items\reject\やめてくれない？.json	/data/data/com.bandainamcoent.idolmaster_gakuen/files/octo/v1/400/3/5233393733/7cde23d4c88fe8f5323e11faada7d569	95	96	/data/data/com.bandainamcoent.idolmaster_gakuen/files/octo/v1/400/1/523131383531/430413eced1e6aa168ef9091632e0ab4
8	燐羽	手毬ごときの言葉で心変わりしたとか、\n思われたくないんだけど。	sud_vo_adv_dear_hmsz_020_krnh-008	sud_vo_adv_dear_hmsz_020	40	5.788	keep	C:\Repositories\GakumasuVoice\output\rinha\items\keep\手毬ごときの言葉で心変わりしたとか、_思われたくないんだけど。.wav	C:\Repositories\GakumasuVoice\output\rinha\items\keep\手毬ごときの言葉で心変わりしたとか、_思われたくないんだけど。.json	/data/data/com.bandainamcoent.idolmaster_gakuen/files/octo/v1/400/3/5233393733/7cde23d4c88fe8f5323e11faada7d569	97	99	/data/data/com.bandainamcoent.idolmaster_gakuen/files/octo/v1/400/1/523131383531/430413eced1e6aa168ef9091632e0ab4
9	燐羽	チッ――	sud_vo_adv_dear_hmsz_020_krnh-009	sud_vo_adv_dear_hmsz_020	41	0.400	reject	C:\Repositories\GakumasuVoice\output\rinha\items\reject\チッ――.wav	C:\Repositories\GakumasuVoice\output\rinha\items\reject\チッ――.json	/data/data/com.bandainamcoent.idolmaster_gakuen/files/octo/v1/400/3/5233393733/7cde23d4c88fe8f5323e11faada7d569	112	113	/data/data/com.bandainamcoent.idolmaster_gakuen/files/octo/v1/400/1/523131383531/430413eced1e6aa168ef9091632e0ab4
10	燐羽	ハァ……\nほんっと、うっとうしいったら。	sud_vo_adv_dear_hmsz_020_krnh-010	sud_vo_adv_dear_hmsz_020	42	6.590	keep	C:\Repositories\GakumasuVoice\output\rinha\items\keep\ハァ……_ほんっと、うっとうしいったら。.wav	C:\Repositories\GakumasuVoice\output\rinha\items\keep\ハァ……_ほんっと、うっとうしいったら。.json	/data/data/com.bandainamcoent.idolmaster_gakuen/files/octo/v1/400/3/5233393733/7cde23d4c88fe8f5323e11faada7d569	152	154	/data/data/com.bandainamcoent.idolmaster_gakuen/files/octo/v1/400/1/523131383531/430413eced1e6aa168ef9091632e0ab4
11	燐羽	美鈴、プロデューサー。\nどうせ次は『H.I.F』に出るんでしょ？	sud_vo_adv_dear_hmsz_020_krnh-011	sud_vo_adv_dear_hmsz_020	43	5.979	keep	C:\Repositories\GakumasuVoice\output\rinha\items\keep\美鈴、プロデューサー。_どうせ次は『H.I.F』に出るんでしょ？.wav	C:\Repositories\GakumasuVoice\output\rinha\items\keep\美鈴、プロデューサー。_どうせ次は『H.I.F』に出るんでしょ？.json	/data/data/com.bandainamcoent.idolmaster_gakuen/files/octo/v1/400/3/5233393733/7cde23d4c88fe8f5323e11faada7d569	155	160	/data/data/com.bandainamcoent.idolmaster_gakuen/files/octo/v1/400/1/523131383531/430413eced1e6aa168ef9091632e0ab4
12	燐羽	私が邪魔してあげる。	sud_vo_adv_dear_hmsz_020_krnh-012	sud_vo_adv_dear_hmsz_020	44	2.034	reject	C:\Repositories\GakumasuVoice\output\rinha\items\reject\私が邪魔してあげる。.wav	C:\Repositories\GakumasuVoice\output\rinha\items\reject\私が邪魔してあげる。.json	/data/data/com.bandainamcoent.idolmaster_gakuen/files/octo/v1/400/3/5233393733/7cde23d4c88fe8f5323e11faada7d569	161	162	/data/data/com.bandainamcoent.idolmaster_gakuen/files/octo/v1/400/1/523131383531/430413eced1e6aa168ef9091632e0ab4
13	燐羽	もちろん、手毬を鍛えて。\nいい嫌がらせでしょ？	sud_vo_adv_dear_hmsz_020_krnh-013	sud_vo_adv_dear_hmsz_020	45	4.782	keep	C:\Repositories\GakumasuVoice\output\rinha\items\keep\もちろん、手毬を鍛えて。_いい嫌がらせでしょ？.wav	C:\Repositories\GakumasuVoice\output\rinha\items\keep\もちろん、手毬を鍛えて。_いい嫌がらせでしょ？.json	/data/data/com.bandainamcoent.idolmaster_gakuen/files/octo/v1/400/3/5233393733/7cde23d4c88fe8f5323e11faada7d569	171	172	/data/data/com.bandainamcoent.idolmaster_gakuen/files/octo/v1/400/1/523131383531/430413eced1e6aa168ef9091632e0ab4
14	燐羽	――手毬。	sud_vo_adv_dear_hmsz_020_krnh-014	sud_vo_adv_dear_hmsz_020	46	0.859	reject	C:\Repositories\GakumasuVoice\output\rinha\items\reject\――手毬。.wav	C:\Repositories\GakumasuVoice\output\rinha\items\reject\――手毬。.json	/data/data/com.bandainamcoent.idolmaster_gakuen/files/octo/v1/400/3/5233393733/7cde23d4c88fe8f5323e11faada7d569	180	181	/data/data/com.bandainamcoent.idolmaster_gakuen/files/octo/v1/400/1/523131383531/430413eced1e6aa168ef9091632e0ab4
15	燐羽	自分をアイドルに戻すついでに、\n極月学園で特訓してあげる。	sud_vo_adv_dear_hmsz_020_krnh-015	sud_vo_adv_dear_hmsz_020	47	5.685	keep	C:\Repositories\GakumasuVoice\output\rinha\items\keep\自分をアイドルに戻すついでに、_極月学園で特訓してあげる。.wav	C:\Repositories\GakumasuVoice\output\rinha\items\keep\自分をアイドルに戻すついでに、_極月学園で特訓してあげる。.json	/data/data/com.bandainamcoent.idolmaster_gakuen/files/octo/v1/400/3/5233393733/7cde23d4c88fe8f5323e11faada7d569	182	186	/data/data/com.bandainamcoent.idolmaster_gakuen/files/octo/v1/400/1/523131383531/430413eced1e6aa168ef9091632e0ab4
16	燐羽	やる？　やらない？	sud_vo_adv_dear_hmsz_020_krnh-016	sud_vo_adv_dear_hmsz_020	48	1.888	reject	C:\Repositories\GakumasuVoice\output\rinha\items\reject\やる？_やらない？.wav	C:\Repositories\GakumasuVoice\output\rinha\items\reject\やる？_やらない？.json	/data/data/com.bandainamcoent.idolmaster_gakuen/files/octo/v1/400/3/5233393733/7cde23d4c88fe8f5323e11faada7d569	187	188	/data/data/com.bandainamcoent.idolmaster_gakuen/files/octo/v1/400/1/523131383531/430413eced1e6aa168ef9091632e0ab4
17	燐羽	――その顔が見たかったの。\nあぁ、スカッとする。	sud_vo_adv_dear_hmsz_020_krnh-017	sud_vo_adv_dear_hmsz_020	49	6.298	keep	C:\Repositories\GakumasuVoice\output\rinha\items\keep\――その顔が見たかったの。_あぁ、スカッとする。.wav	C:\Repositories\GakumasuVoice\output\rinha\items\keep\――その顔が見たかったの。_あぁ、スカッとする。.json	/data/data/com.bandainamcoent.idolmaster_gakuen/files/octo/v1/400/3/5233393733/7cde23d4c88fe8f5323e11faada7d569	215	216	/data/data/com.bandainamcoent.idolmaster_gakuen/files/octo/v1/400/1/523131383531/430413eced1e6aa168ef9091632e0ab4
18	燐羽	じゃあね、美鈴。\nそれと、プロデューサー。	sud_vo_adv_dear_hmsz_020_krnh-018	sud_vo_adv_dear_hmsz_020	50	3.109	keep	C:\Repositories\GakumasuVoice\output\rinha\items\keep\じゃあね、美鈴。_それと、プロデューサー。.wav	C:\Repositories\GakumasuVoice\output\rinha\items\keep\じゃあね、美鈴。_それと、プロデューサー。.json	/data/data/com.bandainamcoent.idolmaster_gakuen/files/octo/v1/400/3/5233393733/7cde23d4c88fe8f5323e11faada7d569	219	220	/data/data/com.bandainamcoent.idolmaster_gakuen/files/octo/v1/400/1/523131383531/430413eced1e6aa168ef9091632e0ab4
19	燐羽	たまり場って言ったの……\n別に冗談じゃないから。	sud_vo_adv_dear_hmsz_020_krnh-019	sud_vo_adv_dear_hmsz_020	51	4.507	keep	C:\Repositories\GakumasuVoice\output\rinha\items\keep\たまり場って言ったの……_別に冗談じゃないから。.wav	C:\Repositories\GakumasuVoice\output\rinha\items\keep\たまり場って言ったの……_別に冗談じゃないから。.json	/data/data/com.bandainamcoent.idolmaster_gakuen/files/octo/v1/400/3/5233393733/7cde23d4c88fe8f5323e11faada7d569	221	225	/data/data/com.bandainamcoent.idolmaster_gakuen/files/octo/v1/400/1/523131383531/430413eced1e6aa168ef9091632e0ab4
20	燐羽	――手毬。	sud_vo_adv_dear_hmsz_021_krnh-001	sud_vo_adv_dear_hmsz_021	30	0.859	reject	C:\Repositories\GakumasuVoice\output\rinha\items\reject\――手毬。-2.wav	C:\Repositories\GakumasuVoice\output\rinha\items\reject\――手毬。-2.json	/data/data/com.bandainamcoent.idolmaster_gakuen/files/octo/v1/400/4/5231353234/3cf4a0a04696cbc773903ea363752ae4	165	166	/data/data/com.bandainamcoent.idolmaster_gakuen/files/octo/v1/400/8/5239353038/7543bbb0261b6f0f2ddc2fb5905ca9ea
21	燐羽	自分をアイドルに戻すついでに、\n極月学園で特訓してあげる。	sud_vo_adv_dear_hmsz_021_krnh-002	sud_vo_adv_dear_hmsz_021	31	5.685	keep	C:\Repositories\GakumasuVoice\output\rinha\items\keep\自分をアイドルに戻すついでに、_極月学園で特訓してあげる。-2.wav	C:\Repositories\GakumasuVoice\output\rinha\items\keep\自分をアイドルに戻すついでに、_極月学園で特訓してあげる。-2.json	/data/data/com.bandainamcoent.idolmaster_gakuen/files/octo/v1/400/4/5231353234/3cf4a0a04696cbc773903ea363752ae4	167	168	/data/data/com.bandainamcoent.idolmaster_gakuen/files/octo/v1/400/8/5239353038/7543bbb0261b6f0f2ddc2fb5905ca9ea
22	燐羽	佑芽、おはよう。	sud_vo_adv_dear_hume_024_krnh-001	sud_vo_adv_dear_hume_024	53	1.916	reject	C:\Repositories\GakumasuVoice\output\rinha\items\reject\佑芽、おはよう。.wav	C:\Repositories\GakumasuVoice\output\rinha\items\reject\佑芽、おはよう。.json	/data/data/com.bandainamcoent.idolmaster_gakuen/files/octo/v1/400/4/52333234/63a47c717f25bd507e8c3a440ac7cb7a	14	22	/data/data/com.bandainamcoent.idolmaster_gakuen/files/octo/v1/400/4/523133303834/2ffc87ef71fc68f503d56e06c445878b
23	燐羽	待ち合わせよ。それと、いくつか……\nあなたに話があって。	sud_vo_adv_dear_hume_024_krnh-002	sud_vo_adv_dear_hume_024	54	6.712	keep	C:\Repositories\GakumasuVoice\output\rinha\items\keep\待ち合わせよ。それと、いくつか……_あなたに話があって。.wav	C:\Repositories\GakumasuVoice\output\rinha\items\keep\待ち合わせよ。それと、いくつか……_あなたに話があって。.json	/data/data/com.bandainamcoent.idolmaster_gakuen/files/octo/v1/400/4/52333234/63a47c717f25bd507e8c3a440ac7cb7a	32	39	/data/data/com.bandainamcoent.idolmaster_gakuen/files/octo/v1/400/4/523133303834/2ffc87ef71fc68f503d56e06c445878b
24	燐羽	私が預けたファンたちとは、\n上手くやれている？	sud_vo_adv_dear_hume_024_krnh-003	sud_vo_adv_dear_hume_024	55	4.339	keep	C:\Repositories\GakumasuVoice\output\rinha\items\keep\私が預けたファンたちとは、_上手くやれている？.wav	C:\Repositories\GakumasuVoice\output\rinha\items\keep\私が預けたファンたちとは、_上手くやれている？.json	/data/data/com.bandainamcoent.idolmaster_gakuen/files/octo/v1/400/4/52333234/63a47c717f25bd507e8c3a440ac7cb7a	64	70	/data/data/com.bandainamcoent.idolmaster_gakuen/files/octo/v1/400/4/523133303834/2ffc87ef71fc68f503d56e06c445878b
25	燐羽	あの子たち、すぐさみしがるから、\n定期的にライブをしてあげて。\n新曲やグッズも間をあけずにお願い。	sud_vo_adv_dear_hume_024_krnh-004	sud_vo_adv_dear_hume_024	56	8.676	keep	C:\Repositories\GakumasuVoice\output\rinha\items\keep\あの子たち、すぐさみしがるから、_定期的にライブをしてあげて。_新曲やグッズも間をあけずにお願い。.wav	C:\Repositories\GakumasuVoice\output\rinha\items\keep\あの子たち、すぐさみしがるから、_定期的にライブをしてあげて。_新曲やグッズも間をあけずにお願い。.json	/data/data/com.bandainamcoent.idolmaster_gakuen/files/octo/v1/400/4/52333234/63a47c717f25bd507e8c3a440ac7cb7a	83	89	/data/data/com.bandainamcoent.idolmaster_gakuen/files/octo/v1/400/4/523133303834/2ffc87ef71fc68f503d56e06c445878b
26	燐羽	サイン会とか、交流できるイベントも、\nちょくちょくやらないとダメ。	sud_vo_adv_dear_hume_024_krnh-005	sud_vo_adv_dear_hume_024	57	4.534	keep	C:\Repositories\GakumasuVoice\output\rinha\items\keep\サイン会とか、交流できるイベントも、_ちょくちょくやらないとダメ。.wav	C:\Repositories\GakumasuVoice\output\rinha\items\keep\サイン会とか、交流できるイベントも、_ちょくちょくやらないとダメ。.json	/data/data/com.bandainamcoent.idolmaster_gakuen/files/octo/v1/400/4/52333234/63a47c717f25bd507e8c3a440ac7cb7a	90	94	/data/data/com.bandainamcoent.idolmaster_gakuen/files/octo/v1/400/4/523133303834/2ffc87ef71fc68f503d56e06c445878b
27	燐羽	適度にののしってあげないと\n哀しい顔をするから注意して。それと、	sud_vo_adv_dear_hume_024_krnh-006	sud_vo_adv_dear_hume_024	58	4.611	keep	C:\Repositories\GakumasuVoice\output\rinha\items\keep\適度にののしってあげないと_哀しい顔をするから注意して。それと、.wav	C:\Repositories\GakumasuVoice\output\rinha\items\keep\適度にののしってあげないと_哀しい顔をするから注意して。それと、.json	/data/data/com.bandainamcoent.idolmaster_gakuen/files/octo/v1/400/4/52333234/63a47c717f25bd507e8c3a440ac7cb7a	95	99	/data/data/com.bandainamcoent.idolmaster_gakuen/files/octo/v1/400/4/523133303834/2ffc87ef71fc68f503d56e06c445878b
28	燐羽	……だから手毬たちと\n待ち合わせをしているの。	sud_vo_adv_dear_hume_024_krnh-007	sud_vo_adv_dear_hume_024	59	4.202	keep	C:\Repositories\GakumasuVoice\output\rinha\items\keep\……だから手毬たちと_待ち合わせをしているの。.wav	C:\Repositories\GakumasuVoice\output\rinha\items\keep\……だから手毬たちと_待ち合わせをしているの。.json	/data/data/com.bandainamcoent.idolmaster_gakuen/files/octo/v1/400/4/52333234/63a47c717f25bd507e8c3a440ac7cb7a	108	116	/data/data/com.bandainamcoent.idolmaster_gakuen/files/octo/v1/400/4/523133303834/2ffc87ef71fc68f503d56e06c445878b
29	燐羽	……秘密に決まっているじゃない。\n手毬を問い詰めるのも禁止。	sud_vo_adv_dear_hume_024_krnh-008	sud_vo_adv_dear_hume_024	60	5.943	keep	C:\Repositories\GakumasuVoice\output\rinha\items\keep\……秘密に決まっているじゃない。_手毬を問い詰めるのも禁止。.wav	C:\Repositories\GakumasuVoice\output\rinha\items\keep\……秘密に決まっているじゃない。_手毬を問い詰めるのも禁止。.json	/data/data/com.bandainamcoent.idolmaster_gakuen/files/octo/v1/400/4/52333234/63a47c717f25bd507e8c3a440ac7cb7a	128	133	/data/data/com.bandainamcoent.idolmaster_gakuen/files/octo/v1/400/4/523133303834/2ffc87ef71fc68f503d56e06c445878b
30	燐羽	佑芽。ここからは真面目に\n聞いてくれる？　本題だから。	sud_vo_adv_dear_hume_024_krnh-009	sud_vo_adv_dear_hume_024	61	5.574	keep	C:\Repositories\GakumasuVoice\output\rinha\items\keep\佑芽。ここからは真面目に_聞いてくれる？_本題だから。.wav	C:\Repositories\GakumasuVoice\output\rinha\items\keep\佑芽。ここからは真面目に_聞いてくれる？_本題だから。.json	/data/data/com.bandainamcoent.idolmaster_gakuen/files/octo/v1/400/4/52333234/63a47c717f25bd507e8c3a440ac7cb7a	139	145	/data/data/com.bandainamcoent.idolmaster_gakuen/files/octo/v1/400/4/523133303834/2ffc87ef71fc68f503d56e06c445878b
31	燐羽	咲季お姉ちゃんのことだけど……	sud_vo_adv_dear_hume_024_krnh-010	sud_vo_adv_dear_hume_024	62	2.217	reject	C:\Repositories\GakumasuVoice\output\rinha\items\reject\咲季お姉ちゃんのことだけど…….wav	C:\Repositories\GakumasuVoice\output\rinha\items\reject\咲季お姉ちゃんのことだけど…….json	/data/data/com.bandainamcoent.idolmaster_gakuen/files/octo/v1/400/4/52333234/63a47c717f25bd507e8c3a440ac7cb7a	157	160	/data/data/com.bandainamcoent.idolmaster_gakuen/files/octo/v1/400/4/523133303834/2ffc87ef71fc68f503d56e06c445878b
32	燐羽	う～め。咲季お姉ちゃんのことだけど。	sud_vo_adv_dear_hume_024_krnh-011	sud_vo_adv_dear_hume_024	63	4.698	keep	C:\Repositories\GakumasuVoice\output\rinha\items\keep\う～め。咲季お姉ちゃんのことだけど。.wav	C:\Repositories\GakumasuVoice\output\rinha\items\keep\う～め。咲季お姉ちゃんのことだけど。.json	/data/data/com.bandainamcoent.idolmaster_gakuen/files/octo/v1/400/4/52333234/63a47c717f25bd507e8c3a440ac7cb7a	221	222	/data/data/com.bandainamcoent.idolmaster_gakuen/files/octo/v1/400/4/523133303834/2ffc87ef71fc68f503d56e06c445878b
33	燐羽	ハァ……やっぱりいいわ。	sud_vo_adv_dear_hume_024_krnh-012	sud_vo_adv_dear_hume_024	64	3.551	keep	C:\Repositories\GakumasuVoice\output\rinha\items\keep\ハァ……やっぱりいいわ。.wav	C:\Repositories\GakumasuVoice\output\rinha\items\keep\ハァ……やっぱりいいわ。.json	/data/data/com.bandainamcoent.idolmaster_gakuen/files/octo/v1/400/4/52333234/63a47c717f25bd507e8c3a440ac7cb7a	234	238	/data/data/com.bandainamcoent.idolmaster_gakuen/files/octo/v1/400/4/523133303834/2ffc87ef71fc68f503d56e06c445878b
34	燐羽	そもそも……あなたに言うべきか\nどうか……迷っていたし。	sud_vo_adv_dear_hume_024_krnh-013	sud_vo_adv_dear_hume_024	65	4.923	keep	C:\Repositories\GakumasuVoice\output\rinha\items\keep\そもそも……あなたに言うべきか_どうか……迷っていたし。.wav	C:\Repositories\GakumasuVoice\output\rinha\items\keep\そもそも……あなたに言うべきか_どうか……迷っていたし。.json	/data/data/com.bandainamcoent.idolmaster_gakuen/files/octo/v1/400/4/52333234/63a47c717f25bd507e8c3a440ac7cb7a	239	242	/data/data/com.bandainamcoent.idolmaster_gakuen/files/octo/v1/400/4/523133303834/2ffc87ef71fc68f503d56e06c445878b
35	燐羽	ありがとう。マヌケな顔を見ていたら、\n踏ん切りがついたわ。じゃあね。	sud_vo_adv_dear_hume_024_krnh-014	sud_vo_adv_dear_hume_024	66	7.279	keep	C:\Repositories\GakumasuVoice\output\rinha\items\keep\ありがとう。マヌケな顔を見ていたら、_踏ん切りがついたわ。じゃあね。.wav	C:\Repositories\GakumasuVoice\output\rinha\items\keep\ありがとう。マヌケな顔を見ていたら、_踏ん切りがついたわ。じゃあね。.json	/data/data/com.bandainamcoent.idolmaster_gakuen/files/octo/v1/400/4/52333234/63a47c717f25bd507e8c3a440ac7cb7a	256	257	/data/data/com.bandainamcoent.idolmaster_gakuen/files/octo/v1/400/4/523133303834/2ffc87ef71fc68f503d56e06c445878b
36	燐羽	佑芽……あなた……	sud_vo_adv_dear_hume_024_krnh-015	sud_vo_adv_dear_hume_024	67	3.032	keep	C:\Repositories\GakumasuVoice\output\rinha\items\keep\佑芽……あなた…….wav	C:\Repositories\GakumasuVoice\output\rinha\items\keep\佑芽……あなた…….json	/data/data/com.bandainamcoent.idolmaster_gakuen/files/octo/v1/400/4/52333234/63a47c717f25bd507e8c3a440ac7cb7a	288	294	/data/data/com.bandainamcoent.idolmaster_gakuen/files/octo/v1/400/4/523133303834/2ffc87ef71fc68f503d56e06c445878b
37	燐羽	そんな顔をしているくせに……\n……意外とおバカじゃないのね？	sud_vo_adv_dear_hume_024_krnh-016	sud_vo_adv_dear_hume_024	68	5.083	keep	C:\Repositories\GakumasuVoice\output\rinha\items\keep\そんな顔をしているくせに……_……意外とおバカじゃないのね？.wav	C:\Repositories\GakumasuVoice\output\rinha\items\keep\そんな顔をしているくせに……_……意外とおバカじゃないのね？.json	/data/data/com.bandainamcoent.idolmaster_gakuen/files/octo/v1/400/4/52333234/63a47c717f25bd507e8c3a440ac7cb7a	297	303	/data/data/com.bandainamcoent.idolmaster_gakuen/files/octo/v1/400/4/523133303834/2ffc87ef71fc68f503d56e06c445878b
38	燐羽	鏡を見なさい。そういう顔よ。\n――あ～あ、自分で自分がわからない。	sud_vo_adv_dear_hume_024_krnh-017	sud_vo_adv_dear_hume_024	69	8.919	keep	C:\Repositories\GakumasuVoice\output\rinha\items\keep\鏡を見なさい。そういう顔よ。_――あ～あ、自分で自分がわからない。.wav	C:\Repositories\GakumasuVoice\output\rinha\items\keep\鏡を見なさい。そういう顔よ。_――あ～あ、自分で自分がわからない。.json	/data/data/com.bandainamcoent.idolmaster_gakuen/files/octo/v1/400/4/52333234/63a47c717f25bd507e8c3a440ac7cb7a	312	318	/data/data/com.bandainamcoent.idolmaster_gakuen/files/octo/v1/400/4/523133303834/2ffc87ef71fc68f503d56e06c445878b
39	燐羽	不屈で無敵のお姉ちゃん。\n強くてカッコいい、理想のお姉ちゃん。	sud_vo_adv_dear_hume_024_krnh-018	sud_vo_adv_dear_hume_024	70	6.327	keep	C:\Repositories\GakumasuVoice\output\rinha\items\keep\不屈で無敵のお姉ちゃん。_強くてカッコいい、理想のお姉ちゃん。.wav	C:\Repositories\GakumasuVoice\output\rinha\items\keep\不屈で無敵のお姉ちゃん。_強くてカッコいい、理想のお姉ちゃん。.json	/data/data/com.bandainamcoent.idolmaster_gakuen/files/octo/v1/400/4/52333234/63a47c717f25bd507e8c3a440ac7cb7a	320	323	/data/data/com.bandainamcoent.idolmaster_gakuen/files/octo/v1/400/4/523133303834/2ffc87ef71fc68f503d56e06c445878b
40	燐羽	やっと望んだものが見られたのに……\n私、なにが不満なのかしら？	sud_vo_adv_dear_hume_024_krnh-019	sud_vo_adv_dear_hume_024	71	5.741	keep	C:\Repositories\GakumasuVoice\output\rinha\items\keep\やっと望んだものが見られたのに……_私、なにが不満なのかしら？.wav	C:\Repositories\GakumasuVoice\output\rinha\items\keep\やっと望んだものが見られたのに……_私、なにが不満なのかしら？.json	/data/data/com.bandainamcoent.idolmaster_gakuen/files/octo/v1/400/4/52333234/63a47c717f25bd507e8c3a440ac7cb7a	331	332	/data/data/com.bandainamcoent.idolmaster_gakuen/files/octo/v1/400/4/523133303834/2ffc87ef71fc68f503d56e06c445878b
41	燐羽	そ。あなたはいいの？　\nあのお姉ちゃんで。	sud_vo_adv_dear_hume_024_krnh-020	sud_vo_adv_dear_hume_024	72	5.253	keep	C:\Repositories\GakumasuVoice\output\rinha\items\keep\そ。あなたはいいの？__あのお姉ちゃんで。.wav	C:\Repositories\GakumasuVoice\output\rinha\items\keep\そ。あなたはいいの？__あのお姉ちゃんで。.json	/data/data/com.bandainamcoent.idolmaster_gakuen/files/octo/v1/400/4/52333234/63a47c717f25bd507e8c3a440ac7cb7a	341	347	/data/data/com.bandainamcoent.idolmaster_gakuen/files/octo/v1/400/4/523133303834/2ffc87ef71fc68f503d56e06c445878b
42	燐羽	あのステージを最後まで観て……\nどう感じたの？	sud_vo_adv_dear_hume_024_krnh-021	sud_vo_adv_dear_hume_024	73	4.046	keep	C:\Repositories\GakumasuVoice\output\rinha\items\keep\あのステージを最後まで観て……_どう感じたの？.wav	C:\Repositories\GakumasuVoice\output\rinha\items\keep\あのステージを最後まで観て……_どう感じたの？.json	/data/data/com.bandainamcoent.idolmaster_gakuen/files/octo/v1/400/4/52333234/63a47c717f25bd507e8c3a440ac7cb7a	348	350	/data/data/com.bandainamcoent.idolmaster_gakuen/files/octo/v1/400/4/523133303834/2ffc87ef71fc68f503d56e06c445878b
43	燐羽	……いまにも燃え尽きて\nしまいそうだった。	sud_vo_adv_dear_hume_024_krnh-022	sud_vo_adv_dear_hume_024	74	5.351	keep	C:\Repositories\GakumasuVoice\output\rinha\items\keep\……いまにも燃え尽きて_しまいそうだった。.wav	C:\Repositories\GakumasuVoice\output\rinha\items\keep\……いまにも燃え尽きて_しまいそうだった。.json	/data/data/com.bandainamcoent.idolmaster_gakuen/files/octo/v1/400/4/52333234/63a47c717f25bd507e8c3a440ac7cb7a	359	364	/data/data/com.bandainamcoent.idolmaster_gakuen/files/octo/v1/400/4/523133303834/2ffc87ef71fc68f503d56e06c445878b
44	燐羽	それでもいいの？	sud_vo_adv_dear_hume_024_krnh-023	sud_vo_adv_dear_hume_024	75	1.345	reject	C:\Repositories\GakumasuVoice\output\rinha\items\reject\それでもいいの？.wav	C:\Repositories\GakumasuVoice\output\rinha\items\reject\それでもいいの？.json	/data/data/com.bandainamcoent.idolmaster_gakuen/files/octo/v1/400/4/52333234/63a47c717f25bd507e8c3a440ac7cb7a	366	371	/data/data/com.bandainamcoent.idolmaster_gakuen/files/octo/v1/400/4/523133303834/2ffc87ef71fc68f503d56e06c445878b
45	燐羽	しったふうなことを……言うじゃない。	sud_vo_adv_dear_hume_024_krnh-024	sud_vo_adv_dear_hume_024	76	3.748	keep	C:\Repositories\GakumasuVoice\output\rinha\items\keep\しったふうなことを……言うじゃない。.wav	C:\Repositories\GakumasuVoice\output\rinha\items\keep\しったふうなことを……言うじゃない。.json	/data/data/com.bandainamcoent.idolmaster_gakuen/files/octo/v1/400/4/52333234/63a47c717f25bd507e8c3a440ac7cb7a	404	407	/data/data/com.bandainamcoent.idolmaster_gakuen/files/octo/v1/400/4/523133303834/2ffc87ef71fc68f503d56e06c445878b
46	燐羽	ムカつく。\n私とあなた、ちっとも似てないわ。	sud_vo_adv_dear_hume_024_krnh-025	sud_vo_adv_dear_hume_024	77	5.294	keep	C:\Repositories\GakumasuVoice\output\rinha\items\keep\ムカつく。_私とあなた、ちっとも似てないわ。.wav	C:\Repositories\GakumasuVoice\output\rinha\items\keep\ムカつく。_私とあなた、ちっとも似てないわ。.json	/data/data/com.bandainamcoent.idolmaster_gakuen/files/octo/v1/400/4/52333234/63a47c717f25bd507e8c3a440ac7cb7a	410	414	/data/data/com.bandainamcoent.idolmaster_gakuen/files/octo/v1/400/4/523133303834/2ffc87ef71fc68f503d56e06c445878b
47	燐羽	ハ、そーね。おかげでわかった。\n私、そばで燃えられるとウザいみたい。	sud_vo_adv_dear_hume_024_krnh-026	sud_vo_adv_dear_hume_024	78	9.626	keep	C:\Repositories\GakumasuVoice\output\rinha\items\keep\ハ、そーね。おかげでわかった。_私、そばで燃えられるとウザいみたい。.wav	C:\Repositories\GakumasuVoice\output\rinha\items\keep\ハ、そーね。おかげでわかった。_私、そばで燃えられるとウザいみたい。.json	/data/data/com.bandainamcoent.idolmaster_gakuen/files/octo/v1/400/4/52333234/63a47c717f25bd507e8c3a440ac7cb7a	423	429	/data/data/com.bandainamcoent.idolmaster_gakuen/files/octo/v1/400/4/523133303834/2ffc87ef71fc68f503d56e06c445878b
48	燐羽	アイドルに戻ったら、\n真っ先に水をぶっかけてやるから。	sud_vo_adv_dear_hume_024_krnh-027	sud_vo_adv_dear_hume_024	79	5.368	keep	C:\Repositories\GakumasuVoice\output\rinha\items\keep\アイドルに戻ったら、_真っ先に水をぶっかけてやるから。.wav	C:\Repositories\GakumasuVoice\output\rinha\items\keep\アイドルに戻ったら、_真っ先に水をぶっかけてやるから。.json	/data/data/com.bandainamcoent.idolmaster_gakuen/files/octo/v1/400/4/52333234/63a47c717f25bd507e8c3a440ac7cb7a	433	437	/data/data/com.bandainamcoent.idolmaster_gakuen/files/octo/v1/400/4/523133303834/2ffc87ef71fc68f503d56e06c445878b
49	燐羽	……視線を感じる。はぁ……手毬、\nまたなにかやらかしたわけ？	sud_vo_adv_csprt-3-0097_02_krnh-001	sud_vo_adv_csprt-3-0097_02	5	10.064	reject	C:\Repositories\GakumasuVoice\output\rinha\items\reject\……視線を感じる。はぁ……手毬、_またなにかやらかしたわけ？.wav	C:\Repositories\GakumasuVoice\output\rinha\items\reject\……視線を感じる。はぁ……手毬、_またなにかやらかしたわけ？.json	/data/data/com.bandainamcoent.idolmaster_gakuen/files/octo/v1/400/4/5233343534/76e393efbcf469585dba60b08585cd5d	40	41	/data/data/com.bandainamcoent.idolmaster_gakuen/files/octo/v1/400/5/523132393435/8e43594de7096dec541f90ac458dd6a3
50	燐羽	手毬だってば。私、最近ちょくちょく\n初星に来てるけど。	sud_vo_adv_csprt-3-0097_02_krnh-002	sud_vo_adv_csprt-3-0097_02	6	5.618	keep	C:\Repositories\GakumasuVoice\output\rinha\items\keep\手毬だってば。私、最近ちょくちょく_初星に来てるけど。.wav	C:\Repositories\GakumasuVoice\output\rinha\items\keep\手毬だってば。私、最近ちょくちょく_初星に来てるけど。.json	/data/data/com.bandainamcoent.idolmaster_gakuen/files/octo/v1/400/4/5233343534/76e393efbcf469585dba60b08585cd5d	65	70	/data/data/com.bandainamcoent.idolmaster_gakuen/files/octo/v1/400/5/523132393435/8e43594de7096dec541f90ac458dd6a3
51	燐羽	そのときはこういうのないもの。	sud_vo_adv_csprt-3-0097_02_krnh-003	sud_vo_adv_csprt-3-0097_02	7	2.180	reject	C:\Repositories\GakumasuVoice\output\rinha\items\reject\そのときはこういうのないもの。.wav	C:\Repositories\GakumasuVoice\output\rinha\items\reject\そのときはこういうのないもの。.json	/data/data/com.bandainamcoent.idolmaster_gakuen/files/octo/v1/400/4/5233343534/76e393efbcf469585dba60b08585cd5d	71	72	/data/data/com.bandainamcoent.idolmaster_gakuen/files/octo/v1/400/5/523132393435/8e43594de7096dec541f90ac458dd6a3
52	燐羽	あー……色々邪推されてそう。	sud_vo_adv_csprt-3-0097_02_krnh-004	sud_vo_adv_csprt-3-0097_02	8	4.826	keep	C:\Repositories\GakumasuVoice\output\rinha\items\keep\あー……色々邪推されてそう。.wav	C:\Repositories\GakumasuVoice\output\rinha\items\keep\あー……色々邪推されてそう。.json	/data/data/com.bandainamcoent.idolmaster_gakuen/files/octo/v1/400/4/5233343534/76e393efbcf469585dba60b08585cd5d	86	91	/data/data/com.bandainamcoent.idolmaster_gakuen/files/octo/v1/400/5/523132393435/8e43594de7096dec541f90ac458dd6a3
53	燐羽	絶対それだけじゃない……ほら、\nあいつら、学園内で人喰いクマを\n見つけたような顔してる。	sud_vo_adv_csprt-3-0097_02_krnh-005	sud_vo_adv_csprt-3-0097_02	9	9.147	keep	C:\Repositories\GakumasuVoice\output\rinha\items\keep\絶対それだけじゃない……ほら、_あいつら、学園内で人喰いクマを_見つけたような顔してる。.wav	C:\Repositories\GakumasuVoice\output\rinha\items\keep\絶対それだけじゃない……ほら、_あいつら、学園内で人喰いクマを_見つけたような顔してる。.json	/data/data/com.bandainamcoent.idolmaster_gakuen/files/octo/v1/400/4/5233343534/76e393efbcf469585dba60b08585cd5d	98	106	/data/data/com.bandainamcoent.idolmaster_gakuen/files/octo/v1/400/5/523132393435/8e43594de7096dec541f90ac458dd6a3
54	燐羽	手毬でしょ。	sud_vo_adv_csprt-3-0097_02_krnh-006	sud_vo_adv_csprt-3-0097_02	10	1.087	reject	C:\Repositories\GakumasuVoice\output\rinha\items\reject\手毬でしょ。.wav	C:\Repositories\GakumasuVoice\output\rinha\items\reject\手毬でしょ。.json	/data/data/com.bandainamcoent.idolmaster_gakuen/files/octo/v1/400/4/5233343534/76e393efbcf469585dba60b08585cd5d	126	132	/data/data/com.bandainamcoent.idolmaster_gakuen/files/octo/v1/400/5/523132393435/8e43594de7096dec541f90ac458dd6a3
55	燐羽	聞こえてるんだけど！？	sud_vo_adv_csprt-3-0097_02_krnh-007	sud_vo_adv_csprt-3-0097_02	11	1.753	reject	C:\Repositories\GakumasuVoice\output\rinha\items\reject\聞こえてるんだけど！？.wav	C:\Repositories\GakumasuVoice\output\rinha\items\reject\聞こえてるんだけど！？.json	/data/data/com.bandainamcoent.idolmaster_gakuen/files/octo/v1/400/4/5233343534/76e393efbcf469585dba60b08585cd5d	137	142	/data/data/com.bandainamcoent.idolmaster_gakuen/files/octo/v1/400/5/523132393435/8e43594de7096dec541f90ac458dd6a3
56	燐羽	まったく……相変わらずっていうか。\n懐かしい気分。	sud_vo_adv_csprt-3-0097_02_krnh-008	sud_vo_adv_csprt-3-0097_02	12	6.484	keep	C:\Repositories\GakumasuVoice\output\rinha\items\keep\まったく……相変わらずっていうか。_懐かしい気分。.wav	C:\Repositories\GakumasuVoice\output\rinha\items\keep\まったく……相変わらずっていうか。_懐かしい気分。.json	/data/data/com.bandainamcoent.idolmaster_gakuen/files/octo/v1/400/4/5233343534/76e393efbcf469585dba60b08585cd5d	146	147	/data/data/com.bandainamcoent.idolmaster_gakuen/files/octo/v1/400/5/523132393435/8e43594de7096dec541f90ac458dd6a3
57	燐羽	こっちの台詞。	sud_vo_adv_csprt-3-0097_02_krnh-009	sud_vo_adv_csprt-3-0097_02	13	1.469	reject	C:\Repositories\GakumasuVoice\output\rinha\items\reject\こっちの台詞。.wav	C:\Repositories\GakumasuVoice\output\rinha\items\reject\こっちの台詞。.json	/data/data/com.bandainamcoent.idolmaster_gakuen/files/octo/v1/400/4/5233343534/76e393efbcf469585dba60b08585cd5d	172	178	/data/data/com.bandainamcoent.idolmaster_gakuen/files/octo/v1/400/5/523132393435/8e43594de7096dec541f90ac458dd6a3
58	燐羽	手毬ぃ～、先輩風を吹かせているみたい\nじゃない。かっこいい～。	sud_vo_adv_dear_ttmr_030_krnh-001	sud_vo_adv_dear_ttmr_030	12	9.184	keep	C:\Repositories\GakumasuVoice\output\rinha\items\keep\手毬ぃ～、先輩風を吹かせているみたい_じゃない。かっこいい～。.wav	C:\Repositories\GakumasuVoice\output\rinha\items\keep\手毬ぃ～、先輩風を吹かせているみたい_じゃない。かっこいい～。.json	/data/data/com.bandainamcoent.idolmaster_gakuen/files/octo/v1/400/4/5233363834/9f01334b62df6b1a4d1cc6b2f27dab3e	266	270	/data/data/com.bandainamcoent.idolmaster_gakuen/files/octo/v1/400/6/5239383536/53e6b8d2beca09d971be16fd4e52d1b8
59	燐羽	ええ、さっきからずーっと。\n……可愛い後輩たちね。	sud_vo_adv_dear_ttmr_030_krnh-002	sud_vo_adv_dear_ttmr_030	13	6.731	keep	C:\Repositories\GakumasuVoice\output\rinha\items\keep\ええ、さっきからずーっと。_……可愛い後輩たちね。.wav	C:\Repositories\GakumasuVoice\output\rinha\items\keep\ええ、さっきからずーっと。_……可愛い後輩たちね。.json	/data/data/com.bandainamcoent.idolmaster_gakuen/files/octo/v1/400/4/5233363834/9f01334b62df6b1a4d1cc6b2f27dab3e	291	296	/data/data/com.bandainamcoent.idolmaster_gakuen/files/octo/v1/400/6/5239383536/53e6b8d2beca09d971be16fd4e52d1b8
60	燐羽	そ。……どこかで聞いたような話。	sud_vo_adv_dear_ttmr_030_krnh-003	sud_vo_adv_dear_ttmr_030	14	4.563	keep	C:\Repositories\GakumasuVoice\output\rinha\items\keep\そ。……どこかで聞いたような話。.wav	C:\Repositories\GakumasuVoice\output\rinha\items\keep\そ。……どこかで聞いたような話。.json	/data/data/com.bandainamcoent.idolmaster_gakuen/files/octo/v1/400/4/5233363834/9f01334b62df6b1a4d1cc6b2f27dab3e	318	321	/data/data/com.bandainamcoent.idolmaster_gakuen/files/octo/v1/400/6/5239383536/53e6b8d2beca09d971be16fd4e52d1b8
61	燐羽	ったく、いまの手毬をさっきの子たちに\n見せてあげたい。	sud_vo_adv_dear_ttmr_030_krnh-004	sud_vo_adv_dear_ttmr_030	15	5.637	keep	C:\Repositories\GakumasuVoice\output\rinha\items\keep\ったく、いまの手毬をさっきの子たちに_見せてあげたい。.wav	C:\Repositories\GakumasuVoice\output\rinha\items\keep\ったく、いまの手毬をさっきの子たちに_見せてあげたい。.json	/data/data/com.bandainamcoent.idolmaster_gakuen/files/octo/v1/400/4/5233363834/9f01334b62df6b1a4d1cc6b2f27dab3e	338	341	/data/data/com.bandainamcoent.idolmaster_gakuen/files/octo/v1/400/6/5239383536/53e6b8d2beca09d971be16fd4e52d1b8
62	燐羽	予選ですこし調子が良かったくらいで\n舞い上がっちゃって、ばっかみたい。	sud_vo_adv_dear_ttmr_030_krnh-005	sud_vo_adv_dear_ttmr_030	16	6.260	keep	C:\Repositories\GakumasuVoice\output\rinha\items\keep\予選ですこし調子が良かったくらいで_舞い上がっちゃって、ばっかみたい。.wav	C:\Repositories\GakumasuVoice\output\rinha\items\keep\予選ですこし調子が良かったくらいで_舞い上がっちゃって、ばっかみたい。.json	/data/data/com.bandainamcoent.idolmaster_gakuen/files/octo/v1/400/4/5233363834/9f01334b62df6b1a4d1cc6b2f27dab3e	347	348	/data/data/com.bandainamcoent.idolmaster_gakuen/files/octo/v1/400/6/5239383536/53e6b8d2beca09d971be16fd4e52d1b8
63	燐羽	アイドルなら、もっと向上心を――……	sud_vo_adv_dear_ttmr_030_krnh-006	sud_vo_adv_dear_ttmr_030	17	3.345	keep	C:\Repositories\GakumasuVoice\output\rinha\items\keep\アイドルなら、もっと向上心を――…….wav	C:\Repositories\GakumasuVoice\output\rinha\items\keep\アイドルなら、もっと向上心を――…….json	/data/data/com.bandainamcoent.idolmaster_gakuen/files/octo/v1/400/4/5233363834/9f01334b62df6b1a4d1cc6b2f27dab3e	349	354	/data/data/com.bandainamcoent.idolmaster_gakuen/files/octo/v1/400/6/5239383536/53e6b8d2beca09d971be16fd4e52d1b8
64	燐羽	………………………………………………	sud_vo_adv_dear_ttmr_030_krnh-007	sud_vo_adv_dear_ttmr_030	18	3.671	keep	C:\Repositories\GakumasuVoice\output\rinha\items\keep\………………………………………………-2.wav	C:\Repositories\GakumasuVoice\output\rinha\items\keep\………………………………………………-2.json	/data/data/com.bandainamcoent.idolmaster_gakuen/files/octo/v1/400/4/5233363834/9f01334b62df6b1a4d1cc6b2f27dab3e	372	376	/data/data/com.bandainamcoent.idolmaster_gakuen/files/octo/v1/400/6/5239383536/53e6b8d2beca09d971be16fd4e52d1b8
65	燐羽	なんでもない！	sud_vo_adv_dear_ttmr_030_krnh-008	sud_vo_adv_dear_ttmr_030	19	1.400	reject	C:\Repositories\GakumasuVoice\output\rinha\items\reject\なんでもない！.wav	C:\Repositories\GakumasuVoice\output\rinha\items\reject\なんでもない！.json	/data/data/com.bandainamcoent.idolmaster_gakuen/files/octo/v1/400/4/5233363834/9f01334b62df6b1a4d1cc6b2f27dab3e	389	392	/data/data/com.bandainamcoent.idolmaster_gakuen/files/octo/v1/400/6/5239383536/53e6b8d2beca09d971be16fd4e52d1b8
66	燐羽	ゴホン！　そんなことは\nどうでもいいのよ。	sud_vo_adv_dear_ttmr_030_krnh-009	sud_vo_adv_dear_ttmr_030	20	4.739	keep	C:\Repositories\GakumasuVoice\output\rinha\items\keep\ゴホン！_そんなことは_どうでもいいのよ。.wav	C:\Repositories\GakumasuVoice\output\rinha\items\keep\ゴホン！_そんなことは_どうでもいいのよ。.json	/data/data/com.bandainamcoent.idolmaster_gakuen/files/octo/v1/400/4/5233363834/9f01334b62df6b1a4d1cc6b2f27dab3e	397	398	/data/data/com.bandainamcoent.idolmaster_gakuen/files/octo/v1/400/6/5239383536/53e6b8d2beca09d971be16fd4e52d1b8
67	燐羽	今日は、手毬と美鈴に、\n嫌がらせをしにきたの。	sud_vo_adv_dear_ttmr_030_krnh-010	sud_vo_adv_dear_ttmr_030	21	5.563	keep	C:\Repositories\GakumasuVoice\output\rinha\items\keep\今日は、手毬と美鈴に、_嫌がらせをしにきたの。.wav	C:\Repositories\GakumasuVoice\output\rinha\items\keep\今日は、手毬と美鈴に、_嫌がらせをしにきたの。.json	/data/data/com.bandainamcoent.idolmaster_gakuen/files/octo/v1/400/4/5233363834/9f01334b62df6b1a4d1cc6b2f27dab3e	402	405	/data/data/com.bandainamcoent.idolmaster_gakuen/files/octo/v1/400/6/5239383536/53e6b8d2beca09d971be16fd4e52d1b8
68	燐羽	ハ、つまんない反応。	sud_vo_adv_dear_ttmr_030_krnh-011	sud_vo_adv_dear_ttmr_030	22	2.954	reject	C:\Repositories\GakumasuVoice\output\rinha\items\reject\ハ、つまんない反応。.wav	C:\Repositories\GakumasuVoice\output\rinha\items\reject\ハ、つまんない反応。.json	/data/data/com.bandainamcoent.idolmaster_gakuen/files/octo/v1/400/4/5233363834/9f01334b62df6b1a4d1cc6b2f27dab3e	420	423	/data/data/com.bandainamcoent.idolmaster_gakuen/files/octo/v1/400/6/5239383536/53e6b8d2beca09d971be16fd4e52d1b8
69	燐羽	愛知に新しくアイドルのトレーニング\n施設ができたの、しってる？	sud_vo_adv_dear_ttmr_030_krnh-012	sud_vo_adv_dear_ttmr_030	23	5.480	keep	C:\Repositories\GakumasuVoice\output\rinha\items\keep\愛知に新しくアイドルのトレーニング_施設ができたの、しってる？.wav	C:\Repositories\GakumasuVoice\output\rinha\items\keep\愛知に新しくアイドルのトレーニング_施設ができたの、しってる？.json	/data/data/com.bandainamcoent.idolmaster_gakuen/files/octo/v1/400/4/5233363834/9f01334b62df6b1a4d1cc6b2f27dab3e	427	428	/data/data/com.bandainamcoent.idolmaster_gakuen/files/octo/v1/400/6/5239383536/53e6b8d2beca09d971be16fd4e52d1b8
70	燐羽	あなたとの再勝負が終わってから、\nずぅ……っとあそこで特訓していたの。	sud_vo_adv_dear_ttmr_030_krnh-013	sud_vo_adv_dear_ttmr_030	24	6.808	keep	C:\Repositories\GakumasuVoice\output\rinha\items\keep\あなたとの再勝負が終わってから、_ずぅ……っとあそこで特訓していたの。.wav	C:\Repositories\GakumasuVoice\output\rinha\items\keep\あなたとの再勝負が終わってから、_ずぅ……っとあそこで特訓していたの。.json	/data/data/com.bandainamcoent.idolmaster_gakuen/files/octo/v1/400/4/5233363834/9f01334b62df6b1a4d1cc6b2f27dab3e	437	442	/data/data/com.bandainamcoent.idolmaster_gakuen/files/octo/v1/400/6/5239383536/53e6b8d2beca09d971be16fd4e52d1b8
71	燐羽	――咲季お姉ちゃんと。	sud_vo_adv_dear_ttmr_030_krnh-014	sud_vo_adv_dear_ttmr_030	25	1.871	reject	C:\Repositories\GakumasuVoice\output\rinha\items\reject\――咲季お姉ちゃんと。.wav	C:\Repositories\GakumasuVoice\output\rinha\items\reject\――咲季お姉ちゃんと。.json	/data/data/com.bandainamcoent.idolmaster_gakuen/files/octo/v1/400/4/5233363834/9f01334b62df6b1a4d1cc6b2f27dab3e	445	448	/data/data/com.bandainamcoent.idolmaster_gakuen/files/octo/v1/400/6/5239383536/53e6b8d2beca09d971be16fd4e52d1b8
72	燐羽	ックク……いいリアクション。\nそういう顔が見たかったの。	sud_vo_adv_dear_ttmr_030_krnh-015	sud_vo_adv_dear_ttmr_030	26	7.516	keep	C:\Repositories\GakumasuVoice\output\rinha\items\keep\ックク……いいリアクション。_そういう顔が見たかったの。.wav	C:\Repositories\GakumasuVoice\output\rinha\items\keep\ックク……いいリアクション。_そういう顔が見たかったの。.json	/data/data/com.bandainamcoent.idolmaster_gakuen/files/octo/v1/400/4/5233363834/9f01334b62df6b1a4d1cc6b2f27dab3e	466	469	/data/data/com.bandainamcoent.idolmaster_gakuen/files/octo/v1/400/6/5239383536/53e6b8d2beca09d971be16fd4e52d1b8
73	燐羽	いまの咲季お姉ちゃんは、歴代の\n『プリマステラ』にだってきっと負けないわ。	sud_vo_adv_dear_ttmr_030_krnh-016	sud_vo_adv_dear_ttmr_030	27	5.963	keep	C:\Repositories\GakumasuVoice\output\rinha\items\keep\いまの咲季お姉ちゃんは、歴代の_『プリマステラ』にだってきっと負けないわ。.wav	C:\Repositories\GakumasuVoice\output\rinha\items\keep\いまの咲季お姉ちゃんは、歴代の_『プリマステラ』にだってきっと負けないわ。.json	/data/data/com.bandainamcoent.idolmaster_gakuen/files/octo/v1/400/4/5233363834/9f01334b62df6b1a4d1cc6b2f27dab3e	472	473	/data/data/com.bandainamcoent.idolmaster_gakuen/files/octo/v1/400/6/5239383536/53e6b8d2beca09d971be16fd4e52d1b8
74	燐羽	この先『セレクション』で当たったら――\nご愁傷様。あなた、負けちゃうかもね。	sud_vo_adv_dear_ttmr_030_krnh-017	sud_vo_adv_dear_ttmr_030	28	9.531	keep	C:\Repositories\GakumasuVoice\output\rinha\items\keep\この先『セレクション』で当たったら――_ご愁傷様。あなた、負けちゃうかもね。.wav	C:\Repositories\GakumasuVoice\output\rinha\items\keep\この先『セレクション』で当たったら――_ご愁傷様。あなた、負けちゃうかもね。.json	/data/data/com.bandainamcoent.idolmaster_gakuen/files/octo/v1/400/4/5233363834/9f01334b62df6b1a4d1cc6b2f27dab3e	482	483	/data/data/com.bandainamcoent.idolmaster_gakuen/files/octo/v1/400/6/5239383536/53e6b8d2beca09d971be16fd4e52d1b8
75	燐羽	じゃあね、手毬。\nせいぜい私を恨みなさい。	sud_vo_adv_dear_ttmr_030_krnh-018	sud_vo_adv_dear_ttmr_030	29	3.951	keep	C:\Repositories\GakumasuVoice\output\rinha\items\keep\じゃあね、手毬。_せいぜい私を恨みなさい。.wav	C:\Repositories\GakumasuVoice\output\rinha\items\keep\じゃあね、手毬。_せいぜい私を恨みなさい。.json	/data/data/com.bandainamcoent.idolmaster_gakuen/files/octo/v1/400/4/5233363834/9f01334b62df6b1a4d1cc6b2f27dab3e	490	493	/data/data/com.bandainamcoent.idolmaster_gakuen/files/octo/v1/400/6/5239383536/53e6b8d2beca09d971be16fd4e52d1b8
76	燐羽	手毬ぃ～～、\nずいぶん疲れているみたいじゃない？	sud_vo_adv_dear_ttmr_026_krnh-001	sud_vo_adv_dear_ttmr_026	7	4.895	keep	C:\Repositories\GakumasuVoice\output\rinha\items\keep\手毬ぃ～～、_ずいぶん疲れているみたいじゃない？.wav	C:\Repositories\GakumasuVoice\output\rinha\items\keep\手毬ぃ～～、_ずいぶん疲れているみたいじゃない？.json	/data/data/com.bandainamcoent.idolmaster_gakuen/files/octo/v1/400/4/5234363134/881e60544e16f09529856517e0641977	251	257	/data/data/com.bandainamcoent.idolmaster_gakuen/files/octo/v1/400/9/523130383039/f53d1f166c5fe344a49c9ee11184d251
77	燐羽	そんなザマで大丈夫？	sud_vo_adv_dear_ttmr_026_krnh-002	sud_vo_adv_dear_ttmr_026	8	2.429	reject	C:\Repositories\GakumasuVoice\output\rinha\items\reject\そんなザマで大丈夫？.wav	C:\Repositories\GakumasuVoice\output\rinha\items\reject\そんなザマで大丈夫？.json	/data/data/com.bandainamcoent.idolmaster_gakuen/files/octo/v1/400/4/5234363134/881e60544e16f09529856517e0641977	261	262	/data/data/com.bandainamcoent.idolmaster_gakuen/files/octo/v1/400/9/523130383039/f53d1f166c5fe344a49c9ee11184d251
78	燐羽	……驚いた。	sud_vo_adv_dear_ttmr_026_krnh-003	sud_vo_adv_dear_ttmr_026	9	2.848	reject	C:\Repositories\GakumasuVoice\output\rinha\items\reject\……驚いた。.wav	C:\Repositories\GakumasuVoice\output\rinha\items\reject\……驚いた。.json	/data/data/com.bandainamcoent.idolmaster_gakuen/files/octo/v1/400/4/5234363134/881e60544e16f09529856517e0641977	300	301	/data/data/com.bandainamcoent.idolmaster_gakuen/files/octo/v1/400/9/523130383039/f53d1f166c5fe344a49c9ee11184d251
79	燐羽	すごいじゃない……手毬のくせに。	sud_vo_adv_dear_ttmr_026_krnh-004	sud_vo_adv_dear_ttmr_026	10	3.658	keep	C:\Repositories\GakumasuVoice\output\rinha\items\keep\すごいじゃない……手毬のくせに。.wav	C:\Repositories\GakumasuVoice\output\rinha\items\keep\すごいじゃない……手毬のくせに。.json	/data/data/com.bandainamcoent.idolmaster_gakuen/files/octo/v1/400/4/5234363134/881e60544e16f09529856517e0641977	304	307	/data/data/com.bandainamcoent.idolmaster_gakuen/files/octo/v1/400/9/523130383039/f53d1f166c5fe344a49c9ee11184d251
80	燐羽	……ハ。	sud_vo_adv_dear_ttmr_026_krnh-005	sud_vo_adv_dear_ttmr_026	11	1.663	reject	C:\Repositories\GakumasuVoice\output\rinha\items\reject\……ハ。.wav	C:\Repositories\GakumasuVoice\output\rinha\items\reject\……ハ。.json	/data/data/com.bandainamcoent.idolmaster_gakuen/files/octo/v1/400/4/5234363134/881e60544e16f09529856517e0641977	325	326	/data/data/com.bandainamcoent.idolmaster_gakuen/files/octo/v1/400/9/523130383039/f53d1f166c5fe344a49c9ee11184d251
81	燐羽	はじめて会った日のこと、覚えている？	sud_vo_adv_dear_ttmr_026_krnh-006	sud_vo_adv_dear_ttmr_026	12	4.030	keep	C:\Repositories\GakumasuVoice\output\rinha\items\keep\はじめて会った日のこと、覚えている？.wav	C:\Repositories\GakumasuVoice\output\rinha\items\keep\はじめて会った日のこと、覚えている？.json	/data/data/com.bandainamcoent.idolmaster_gakuen/files/octo/v1/400/4/5234363134/881e60544e16f09529856517e0641977	331	332	/data/data/com.bandainamcoent.idolmaster_gakuen/files/octo/v1/400/9/523130383039/f53d1f166c5fe344a49c9ee11184d251
82	燐羽	どう？　憧れを追い越した気分は？	sud_vo_adv_dear_ttmr_026_krnh-007	sud_vo_adv_dear_ttmr_026	13	4.235	keep	C:\Repositories\GakumasuVoice\output\rinha\items\keep\どう？_憧れを追い越した気分は？.wav	C:\Repositories\GakumasuVoice\output\rinha\items\keep\どう？_憧れを追い越した気分は？.json	/data/data/com.bandainamcoent.idolmaster_gakuen/files/octo/v1/400/4/5234363134/881e60544e16f09529856517e0641977	352	353	/data/data/com.bandainamcoent.idolmaster_gakuen/files/octo/v1/400/9/523130383039/f53d1f166c5fe344a49c9ee11184d251
83	燐羽	――なら、よかった。	sud_vo_adv_dear_ttmr_026_krnh-008	sud_vo_adv_dear_ttmr_026	14	5.474	keep	C:\Repositories\GakumasuVoice\output\rinha\items\keep\――なら、よかった。.wav	C:\Repositories\GakumasuVoice\output\rinha\items\keep\――なら、よかった。.json	/data/data/com.bandainamcoent.idolmaster_gakuen/files/octo/v1/400/4/5234363134/881e60544e16f09529856517e0641977	374	376	/data/data/com.bandainamcoent.idolmaster_gakuen/files/octo/v1/400/9/523130383039/f53d1f166c5fe344a49c9ee11184d251
84	燐羽	美鈴もでしょ。心配そうにしてたから、\n早く会いに行ってあげなさい。	sud_vo_adv_dear_ttmr_026_krnh-009	sud_vo_adv_dear_ttmr_026	15	6.063	keep	C:\Repositories\GakumasuVoice\output\rinha\items\keep\美鈴もでしょ。心配そうにしてたから、_早く会いに行ってあげなさい。.wav	C:\Repositories\GakumasuVoice\output\rinha\items\keep\美鈴もでしょ。心配そうにしてたから、_早く会いに行ってあげなさい。.json	/data/data/com.bandainamcoent.idolmaster_gakuen/files/octo/v1/400/4/5234363134/881e60544e16f09529856517e0641977	387	388	/data/data/com.bandainamcoent.idolmaster_gakuen/files/octo/v1/400/9/523130383039/f53d1f166c5fe344a49c9ee11184d251
85	燐羽	面倒な特訓に付き合うのも、\nようやくこれでおしまい。	sud_vo_adv_dear_ttmr_026_krnh-010	sud_vo_adv_dear_ttmr_026	16	5.393	keep	C:\Repositories\GakumasuVoice\output\rinha\items\keep\面倒な特訓に付き合うのも、_ようやくこれでおしまい。.wav	C:\Repositories\GakumasuVoice\output\rinha\items\keep\面倒な特訓に付き合うのも、_ようやくこれでおしまい。.json	/data/data/com.bandainamcoent.idolmaster_gakuen/files/octo/v1/400/4/5234363134/881e60544e16f09529856517e0641977	393	394	/data/data/com.bandainamcoent.idolmaster_gakuen/files/octo/v1/400/9/523130383039/f53d1f166c5fe344a49c9ee11184d251
86	燐羽	――ほんっと、\nいい加減にしてほしいわ。	sud_vo_adv_dear_ttmr_026_krnh-011	sud_vo_adv_dear_ttmr_026	17	4.104	keep	C:\Repositories\GakumasuVoice\output\rinha\items\keep\――ほんっと、_いい加減にしてほしいわ。.wav	C:\Repositories\GakumasuVoice\output\rinha\items\keep\――ほんっと、_いい加減にしてほしいわ。.json	/data/data/com.bandainamcoent.idolmaster_gakuen/files/octo/v1/400/4/5234363134/881e60544e16f09529856517e0641977	446	451	/data/data/com.bandainamcoent.idolmaster_gakuen/files/octo/v1/400/9/523130383039/f53d1f166c5fe344a49c9ee11184d251
87	燐羽	あぁ疲れた。もう最悪。せいせいする。\nしばらく会いたくない。	sud_vo_adv_dear_ttmr_026_krnh-012	sud_vo_adv_dear_ttmr_026	18	7.846	keep	C:\Repositories\GakumasuVoice\output\rinha\items\keep\あぁ疲れた。もう最悪。せいせいする。_しばらく会いたくない。.wav	C:\Repositories\GakumasuVoice\output\rinha\items\keep\あぁ疲れた。もう最悪。せいせいする。_しばらく会いたくない。.json	/data/data/com.bandainamcoent.idolmaster_gakuen/files/octo/v1/400/4/5234363134/881e60544e16f09529856517e0641977	458	459	/data/data/com.bandainamcoent.idolmaster_gakuen/files/octo/v1/400/9/523130383039/f53d1f166c5fe344a49c9ee11184d251
88	燐羽	なに？　まだなにかあるの？	sud_vo_adv_dear_ttmr_026_krnh-013	sud_vo_adv_dear_ttmr_026	19	3.199	keep	C:\Repositories\GakumasuVoice\output\rinha\items\keep\なに？_まだなにかあるの？.wav	C:\Repositories\GakumasuVoice\output\rinha\items\keep\なに？_まだなにかあるの？.json	/data/data/com.bandainamcoent.idolmaster_gakuen/files/octo/v1/400/4/5234363134/881e60544e16f09529856517e0641977	469	470	/data/data/com.bandainamcoent.idolmaster_gakuen/files/octo/v1/400/9/523130383039/f53d1f166c5fe344a49c9ee11184d251
89	燐羽	……………………ハァ。	sud_vo_adv_dear_ttmr_026_krnh-014	sud_vo_adv_dear_ttmr_026	20	0.982	reject	C:\Repositories\GakumasuVoice\output\rinha\items\reject\……………………ハァ。.wav	C:\Repositories\GakumasuVoice\output\rinha\items\reject\……………………ハァ。.json	/data/data/com.bandainamcoent.idolmaster_gakuen/files/octo/v1/400/4/5234363134/881e60544e16f09529856517e0641977	484	485	/data/data/com.bandainamcoent.idolmaster_gakuen/files/octo/v1/400/9/523130383039/f53d1f166c5fe344a49c9ee11184d251
90	燐羽	ったく……手毬ごときに、\nこう何度も負けちゃうんじゃあね……	sud_vo_adv_dear_ttmr_026_krnh-015	sud_vo_adv_dear_ttmr_026	21	6.590	keep	C:\Repositories\GakumasuVoice\output\rinha\items\keep\ったく……手毬ごときに、_こう何度も負けちゃうんじゃあね…….wav	C:\Repositories\GakumasuVoice\output\rinha\items\keep\ったく……手毬ごときに、_こう何度も負けちゃうんじゃあね…….json	/data/data/com.bandainamcoent.idolmaster_gakuen/files/octo/v1/400/4/5234363134/881e60544e16f09529856517e0641977	488	491	/data/data/com.bandainamcoent.idolmaster_gakuen/files/octo/v1/400/9/523130383039/f53d1f166c5fe344a49c9ee11184d251
91	燐羽	もうほんのすこしだけ。あなたに勝てる\n程度まで……レッスンするわ。	sud_vo_adv_dear_ttmr_026_krnh-016	sud_vo_adv_dear_ttmr_026	22	7.081	keep	C:\Repositories\GakumasuVoice\output\rinha\items\keep\もうほんのすこしだけ。あなたに勝てる_程度まで……レッスンするわ。.wav	C:\Repositories\GakumasuVoice\output\rinha\items\keep\もうほんのすこしだけ。あなたに勝てる_程度まで……レッスンするわ。.json	/data/data/com.bandainamcoent.idolmaster_gakuen/files/octo/v1/400/4/5234363134/881e60544e16f09529856517e0641977	494	495	/data/data/com.bandainamcoent.idolmaster_gakuen/files/octo/v1/400/9/523130383039/f53d1f166c5fe344a49c9ee11184d251
92	燐羽	見間違いでしょ、ばぁか。	sud_vo_adv_dear_ttmr_026_krnh-017	sud_vo_adv_dear_ttmr_026	23	2.742	reject	C:\Repositories\GakumasuVoice\output\rinha\items\reject\見間違いでしょ、ばぁか。.wav	C:\Repositories\GakumasuVoice\output\rinha\items\reject\見間違いでしょ、ばぁか。.json	/data/data/com.bandainamcoent.idolmaster_gakuen/files/octo/v1/400/4/5234363134/881e60544e16f09529856517e0641977	508	509	/data/data/com.bandainamcoent.idolmaster_gakuen/files/octo/v1/400/9/523130383039/f53d1f166c5fe344a49c9ee11184d251
93	燐羽	私たちに勝っておいて、他のアイドルに\n負けるなんて……	sud_vo_adv_dear_ttmr_035_krnh-001	sud_vo_adv_dear_ttmr_035	6	4.800	keep	C:\Repositories\GakumasuVoice\output\rinha\items\keep\私たちに勝っておいて、他のアイドルに_負けるなんて…….wav	C:\Repositories\GakumasuVoice\output\rinha\items\keep\私たちに勝っておいて、他のアイドルに_負けるなんて…….json	/data/data/com.bandainamcoent.idolmaster_gakuen/files/octo/v1/400/4/5235343534/905f1855e73087d1e682a210208ab2b5	411	413	/data/data/com.bandainamcoent.idolmaster_gakuen/files/octo/v1/400/4/523133333034/780defd735eb8b4e7eac80ea389bd92f
94	燐羽	ありえないでしょう、ねえ？	sud_vo_adv_dear_ttmr_035_krnh-002	sud_vo_adv_dear_ttmr_035	7	2.378	reject	C:\Repositories\GakumasuVoice\output\rinha\items\reject\ありえないでしょう、ねえ？.wav	C:\Repositories\GakumasuVoice\output\rinha\items\reject\ありえないでしょう、ねえ？.json	/data/data/com.bandainamcoent.idolmaster_gakuen/files/octo/v1/400/4/5235343534/905f1855e73087d1e682a210208ab2b5	420	421	/data/data/com.bandainamcoent.idolmaster_gakuen/files/octo/v1/400/4/523133333034/780defd735eb8b4e7eac80ea389bd92f
95	燐羽	義理で観に来てあげたわよ、手毬。\n今日だけ応援してあげる。	sud_vo_adv_dear_ttmr_035_krnh-003	sud_vo_adv_dear_ttmr_035	8	5.905	keep	C:\Repositories\GakumasuVoice\output\rinha\items\keep\義理で観に来てあげたわよ、手毬。_今日だけ応援してあげる。.wav	C:\Repositories\GakumasuVoice\output\rinha\items\keep\義理で観に来てあげたわよ、手毬。_今日だけ応援してあげる。.json	/data/data/com.bandainamcoent.idolmaster_gakuen/files/octo/v1/400/4/5235343534/905f1855e73087d1e682a210208ab2b5	431	433	/data/data/com.bandainamcoent.idolmaster_gakuen/files/octo/v1/400/4/523133333034/780defd735eb8b4e7eac80ea389bd92f
96	燐羽	見なさい。久しぶりに、\n物販でグッズ買っちゃった♪	sud_vo_adv_dear_ttmr_035_krnh-004	sud_vo_adv_dear_ttmr_035	9	5.038	keep	C:\Repositories\GakumasuVoice\output\rinha\items\keep\見なさい。久しぶりに、_物販でグッズ買っちゃった♪.wav	C:\Repositories\GakumasuVoice\output\rinha\items\keep\見なさい。久しぶりに、_物販でグッズ買っちゃった♪.json	/data/data/com.bandainamcoent.idolmaster_gakuen/files/octo/v1/400/4/5235343534/905f1855e73087d1e682a210208ab2b5	444	445	/data/data/com.bandainamcoent.idolmaster_gakuen/files/octo/v1/400/4/523133333034/780defd735eb8b4e7eac80ea389bd92f
97	燐羽	ぷっ……なぁに？	sud_vo_adv_dear_ttmr_035_krnh-005	sud_vo_adv_dear_ttmr_035	10	2.144	reject	C:\Repositories\GakumasuVoice\output\rinha\items\reject\ぷっ……なぁに？.wav	C:\Repositories\GakumasuVoice\output\rinha\items\reject\ぷっ……なぁに？.json	/data/data/com.bandainamcoent.idolmaster_gakuen/files/octo/v1/400/4/5235343534/905f1855e73087d1e682a210208ab2b5	459	460	/data/data/com.bandainamcoent.idolmaster_gakuen/files/octo/v1/400/4/523133333034/780defd735eb8b4e7eac80ea389bd92f
98	燐羽	ククク……それは……だって、\n美鈴も応援するし？	sud_vo_adv_dear_ttmr_035_krnh-006	sud_vo_adv_dear_ttmr_035	11	6.572	keep	C:\Repositories\GakumasuVoice\output\rinha\items\keep\ククク……それは……だって、_美鈴も応援するし？.wav	C:\Repositories\GakumasuVoice\output\rinha\items\keep\ククク……それは……だって、_美鈴も応援するし？.json	/data/data/com.bandainamcoent.idolmaster_gakuen/files/octo/v1/400/4/5235343534/905f1855e73087d1e682a210208ab2b5	486	487	/data/data/com.bandainamcoent.idolmaster_gakuen/files/octo/v1/400/4/523133333034/780defd735eb8b4e7eac80ea389bd92f
99	燐羽	失礼ね。黄色も買ったわ。	sud_vo_adv_dear_ttmr_035_krnh-007	sud_vo_adv_dear_ttmr_035	12	3.171	keep	C:\Repositories\GakumasuVoice\output\rinha\items\keep\失礼ね。黄色も買ったわ。.wav	C:\Repositories\GakumasuVoice\output\rinha\items\keep\失礼ね。黄色も買ったわ。.json	/data/data/com.bandainamcoent.idolmaster_gakuen/files/octo/v1/400/4/5235343534/905f1855e73087d1e682a210208ab2b5	504	505	/data/data/com.bandainamcoent.idolmaster_gakuen/files/octo/v1/400/4/523133333034/780defd735eb8b4e7eac80ea389bd92f
100	燐羽	あるある。別にアイドルを何人\n応援したっていいんでしょ？	sud_vo_adv_dear_ttmr_035_krnh-008	sud_vo_adv_dear_ttmr_035	13	5.252	keep	C:\Repositories\GakumasuVoice\output\rinha\items\keep\あるある。別にアイドルを何人_応援したっていいんでしょ？.wav	C:\Repositories\GakumasuVoice\output\rinha\items\keep\あるある。別にアイドルを何人_応援したっていいんでしょ？.json	/data/data/com.bandainamcoent.idolmaster_gakuen/files/octo/v1/400/4/5235343534/905f1855e73087d1e682a210208ab2b5	528	531	/data/data/com.bandainamcoent.idolmaster_gakuen/files/octo/v1/400/4/523133333034/780defd735eb8b4e7eac80ea389bd92f
101	燐羽	あなたがそう言ったんじゃない。\n涙ながらに。	sud_vo_adv_dear_ttmr_035_krnh-009	sud_vo_adv_dear_ttmr_035	14	4.205	keep	C:\Repositories\GakumasuVoice\output\rinha\items\keep\あなたがそう言ったんじゃない。_涙ながらに。.wav	C:\Repositories\GakumasuVoice\output\rinha\items\keep\あなたがそう言ったんじゃない。_涙ながらに。.json	/data/data/com.bandainamcoent.idolmaster_gakuen/files/octo/v1/400/4/5235343534/905f1855e73087d1e682a210208ab2b5	536	537	/data/data/com.bandainamcoent.idolmaster_gakuen/files/octo/v1/400/4/523133333034/780defd735eb8b4e7eac80ea389bd92f
102	燐羽	あっおバカ。	sud_vo_adv_dear_ttmr_035_krnh-010	sud_vo_adv_dear_ttmr_035	15	1.038	reject	C:\Repositories\GakumasuVoice\output\rinha\items\reject\あっおバカ。.wav	C:\Repositories\GakumasuVoice\output\rinha\items\reject\あっおバカ。.json	/data/data/com.bandainamcoent.idolmaster_gakuen/files/octo/v1/400/4/5235343534/905f1855e73087d1e682a210208ab2b5	553	554	/data/data/com.bandainamcoent.idolmaster_gakuen/files/octo/v1/400/4/523133333034/780defd735eb8b4e7eac80ea389bd92f
103	燐羽	あ～……うっとうしい。\nすこしは落ち着きなさい。	sud_vo_adv_dear_ttmr_035_krnh-011	sud_vo_adv_dear_ttmr_035	16	4.832	keep	C:\Repositories\GakumasuVoice\output\rinha\items\keep\あ～……うっとうしい。_すこしは落ち着きなさい。.wav	C:\Repositories\GakumasuVoice\output\rinha\items\keep\あ～……うっとうしい。_すこしは落ち着きなさい。.json	/data/data/com.bandainamcoent.idolmaster_gakuen/files/octo/v1/400/4/5235343534/905f1855e73087d1e682a210208ab2b5	572	573	/data/data/com.bandainamcoent.idolmaster_gakuen/files/octo/v1/400/4/523133333034/780defd735eb8b4e7eac80ea389bd92f
104	燐羽	手毬。\nトップアイドルを決めるステージ……	sud_vo_adv_dear_ttmr_035_krnh-012	sud_vo_adv_dear_ttmr_035	17	4.448	keep	C:\Repositories\GakumasuVoice\output\rinha\items\keep\手毬。_トップアイドルを決めるステージ…….wav	C:\Repositories\GakumasuVoice\output\rinha\items\keep\手毬。_トップアイドルを決めるステージ…….json	/data/data/com.bandainamcoent.idolmaster_gakuen/files/octo/v1/400/4/5235343534/905f1855e73087d1e682a210208ab2b5	578	580	/data/data/com.bandainamcoent.idolmaster_gakuen/files/octo/v1/400/4/523133333034/780defd735eb8b4e7eac80ea389bd92f
105	燐羽	――とちったら殺すから。	sud_vo_adv_dear_ttmr_035_krnh-013	sud_vo_adv_dear_ttmr_035	18	1.749	reject	C:\Repositories\GakumasuVoice\output\rinha\items\reject\――とちったら殺すから。.wav	C:\Repositories\GakumasuVoice\output\rinha\items\reject\――とちったら殺すから。.json	/data/data/com.bandainamcoent.idolmaster_gakuen/files/octo/v1/400/4/5235343534/905f1855e73087d1e682a210208ab2b5	586	587	/data/data/com.bandainamcoent.idolmaster_gakuen/files/octo/v1/400/4/523133333034/780defd735eb8b4e7eac80ea389bd92f
106	？？？	ぷっ……それで？　口喧嘩に負けて、\n無様に逃げ帰ってきたってわけ？	sud_vo_adv_dear_ttmr_014_krnh-001	sud_vo_adv_dear_ttmr_014	7	7.553	keep	C:\Repositories\GakumasuVoice\output\rinha\items\keep\ぷっ……それで？_口喧嘩に負けて、_無様に逃げ帰ってきたってわけ？.wav	C:\Repositories\GakumasuVoice\output\rinha\items\keep\ぷっ……それで？_口喧嘩に負けて、_無様に逃げ帰ってきたってわけ？.json	/data/data/com.bandainamcoent.idolmaster_gakuen/files/octo/v1/400/6/5235363936/ee3d8851053e83cc1fe5495fadc8af10	7	8	/data/data/com.bandainamcoent.idolmaster_gakuen/files/octo/v1/400/1/523130383231/8f37b0fde78f980320768d46d40232b6
107	？？？	バカじゃないの？　アイドルやめたら？	sud_vo_adv_dear_ttmr_014_krnh-002	sud_vo_adv_dear_ttmr_014	8	2.996	reject	C:\Repositories\GakumasuVoice\output\rinha\items\reject\バカじゃないの？_アイドルやめたら？.wav	C:\Repositories\GakumasuVoice\output\rinha\items\reject\バカじゃないの？_アイドルやめたら？.json	/data/data/com.bandainamcoent.idolmaster_gakuen/files/octo/v1/400/6/5235363936/ee3d8851053e83cc1fe5495fadc8af10	12	13	/data/data/com.bandainamcoent.idolmaster_gakuen/files/octo/v1/400/1/523130383231/8f37b0fde78f980320768d46d40232b6
108	燐羽	そ。私も、極月学園の恥さらしどもには\n言われたくない。	sud_vo_adv_dear_ttmr_014_krnh-003	sud_vo_adv_dear_ttmr_014	9	6.857	keep	C:\Repositories\GakumasuVoice\output\rinha\items\keep\そ。私も、極月学園の恥さらしどもには_言われたくない。.wav	C:\Repositories\GakumasuVoice\output\rinha\items\keep\そ。私も、極月学園の恥さらしどもには_言われたくない。.json	/data/data/com.bandainamcoent.idolmaster_gakuen/files/octo/v1/400/6/5235363936/ee3d8851053e83cc1fe5495fadc8af10	16	17	/data/data/com.bandainamcoent.idolmaster_gakuen/files/octo/v1/400/1/523130383231/8f37b0fde78f980320768d46d40232b6
109	燐羽	私が考えたんじゃないわ。あなたたち、\nネットでそう呼ばれているのよ。	sud_vo_adv_dear_ttmr_014_krnh-004	sud_vo_adv_dear_ttmr_014	10	6.712	keep	C:\Repositories\GakumasuVoice\output\rinha\items\keep\私が考えたんじゃないわ。あなたたち、_ネットでそう呼ばれているのよ。.wav	C:\Repositories\GakumasuVoice\output\rinha\items\keep\私が考えたんじゃないわ。あなたたち、_ネットでそう呼ばれているのよ。.json	/data/data/com.bandainamcoent.idolmaster_gakuen/files/octo/v1/400/6/5235363936/ee3d8851053e83cc1fe5495fadc8af10	20	21	/data/data/com.bandainamcoent.idolmaster_gakuen/files/octo/v1/400/1/523130383231/8f37b0fde78f980320768d46d40232b6
110	燐羽	大人気で羨ましい。	sud_vo_adv_dear_ttmr_014_krnh-005	sud_vo_adv_dear_ttmr_014	11	2.929	reject	C:\Repositories\GakumasuVoice\output\rinha\items\reject\大人気で羨ましい。.wav	C:\Repositories\GakumasuVoice\output\rinha\items\reject\大人気で羨ましい。.json	/data/data/com.bandainamcoent.idolmaster_gakuen/files/octo/v1/400/6/5235363936/ee3d8851053e83cc1fe5495fadc8af10	22	23	/data/data/com.bandainamcoent.idolmaster_gakuen/files/octo/v1/400/1/523130383231/8f37b0fde78f980320768d46d40232b6
111	燐羽	……あ～あ、あなたたちの\n醜態がネットに出回ったせいで、	sud_vo_adv_dear_ttmr_014_krnh-006	sud_vo_adv_dear_ttmr_014	12	5.806	keep	C:\Repositories\GakumasuVoice\output\rinha\items\keep\……あ～あ、あなたたちの_醜態がネットに出回ったせいで、.wav	C:\Repositories\GakumasuVoice\output\rinha\items\keep\……あ～あ、あなたたちの_醜態がネットに出回ったせいで、.json	/data/data/com.bandainamcoent.idolmaster_gakuen/files/octo/v1/400/6/5235363936/ee3d8851053e83cc1fe5495fadc8af10	26	27	/data/data/com.bandainamcoent.idolmaster_gakuen/files/octo/v1/400/1/523130383231/8f37b0fde78f980320768d46d40232b6
112	燐羽	極月学園全体のランキングが\n軒並み下がっているみたいよ？	sud_vo_adv_dear_ttmr_014_krnh-007	sud_vo_adv_dear_ttmr_014	13	4.748	keep	C:\Repositories\GakumasuVoice\output\rinha\items\keep\極月学園全体のランキングが_軒並み下がっているみたいよ？.wav	C:\Repositories\GakumasuVoice\output\rinha\items\keep\極月学園全体のランキングが_軒並み下がっているみたいよ？.json	/data/data/com.bandainamcoent.idolmaster_gakuen/files/octo/v1/400/6/5235363936/ee3d8851053e83cc1fe5495fadc8af10	28	29	/data/data/com.bandainamcoent.idolmaster_gakuen/files/octo/v1/400/1/523130383231/8f37b0fde78f980320768d46d40232b6
113	燐羽	代わりに手毬のランキングが急上昇。	sud_vo_adv_dear_ttmr_014_krnh-008	sud_vo_adv_dear_ttmr_014	14	3.954	keep	C:\Repositories\GakumasuVoice\output\rinha\items\keep\代わりに手毬のランキングが急上昇。.wav	C:\Repositories\GakumasuVoice\output\rinha\items\keep\代わりに手毬のランキングが急上昇。.json	/data/data/com.bandainamcoent.idolmaster_gakuen/files/octo/v1/400/6/5235363936/ee3d8851053e83cc1fe5495fadc8af10	30	31	/data/data/com.bandainamcoent.idolmaster_gakuen/files/octo/v1/400/1/523130383231/8f37b0fde78f980320768d46d40232b6
114	燐羽	事後対応が良かった。上手に\nイメージコントロールをしたみたい。	sud_vo_adv_dear_ttmr_014_krnh-009	sud_vo_adv_dear_ttmr_014	15	5.283	keep	C:\Repositories\GakumasuVoice\output\rinha\items\keep\事後対応が良かった。上手に_イメージコントロールをしたみたい。.wav	C:\Repositories\GakumasuVoice\output\rinha\items\keep\事後対応が良かった。上手に_イメージコントロールをしたみたい。.json	/data/data/com.bandainamcoent.idolmaster_gakuen/files/octo/v1/400/6/5235363936/ee3d8851053e83cc1fe5495fadc8af10	34	35	/data/data/com.bandainamcoent.idolmaster_gakuen/files/octo/v1/400/1/523130383231/8f37b0fde78f980320768d46d40232b6
115	燐羽	……手毬のくせに生意気。	sud_vo_adv_dear_ttmr_014_krnh-010	sud_vo_adv_dear_ttmr_014	16	3.424	keep	C:\Repositories\GakumasuVoice\output\rinha\items\keep\……手毬のくせに生意気。.wav	C:\Repositories\GakumasuVoice\output\rinha\items\keep\……手毬のくせに生意気。.json	/data/data/com.bandainamcoent.idolmaster_gakuen/files/octo/v1/400/6/5235363936/ee3d8851053e83cc1fe5495fadc8af10	36	37	/data/data/com.bandainamcoent.idolmaster_gakuen/files/octo/v1/400/1/523130383231/8f37b0fde78f980320768d46d40232b6
116	燐羽	ハァ……お願いだから、\n余計なことしないでくれる？	sud_vo_adv_dear_ttmr_014_krnh-011	sud_vo_adv_dear_ttmr_014	17	5.669	keep	C:\Repositories\GakumasuVoice\output\rinha\items\keep\ハァ……お願いだから、_余計なことしないでくれる？.wav	C:\Repositories\GakumasuVoice\output\rinha\items\keep\ハァ……お願いだから、_余計なことしないでくれる？.json	/data/data/com.bandainamcoent.idolmaster_gakuen/files/octo/v1/400/6/5235363936/ee3d8851053e83cc1fe5495fadc8af10	40	41	/data/data/com.bandainamcoent.idolmaster_gakuen/files/octo/v1/400/1/523130383231/8f37b0fde78f980320768d46d40232b6
117	燐羽	いま慌てて動いたって、\nどうせ恥の上塗りをするだけ。	sud_vo_adv_dear_ttmr_014_krnh-012	sud_vo_adv_dear_ttmr_014	18	5.436	keep	C:\Repositories\GakumasuVoice\output\rinha\items\keep\いま慌てて動いたって、_どうせ恥の上塗りをするだけ。.wav	C:\Repositories\GakumasuVoice\output\rinha\items\keep\いま慌てて動いたって、_どうせ恥の上塗りをするだけ。.json	/data/data/com.bandainamcoent.idolmaster_gakuen/files/octo/v1/400/6/5235363936/ee3d8851053e83cc1fe5495fadc8af10	42	43	/data/data/com.bandainamcoent.idolmaster_gakuen/files/octo/v1/400/1/523130383231/8f37b0fde78f980320768d46d40232b6
118	燐羽	大人しく謹慎していなさい。\n指をくわえて見ていればいいわ。	sud_vo_adv_dear_ttmr_014_krnh-013	sud_vo_adv_dear_ttmr_014	19	5.692	keep	C:\Repositories\GakumasuVoice\output\rinha\items\keep\大人しく謹慎していなさい。_指をくわえて見ていればいいわ。.wav	C:\Repositories\GakumasuVoice\output\rinha\items\keep\大人しく謹慎していなさい。_指をくわえて見ていればいいわ。.json	/data/data/com.bandainamcoent.idolmaster_gakuen/files/octo/v1/400/6/5235363936/ee3d8851053e83cc1fe5495fadc8af10	44	45	/data/data/com.bandainamcoent.idolmaster_gakuen/files/octo/v1/400/1/523130383231/8f37b0fde78f980320768d46d40232b6
119	燐羽	裏切り者の蝙蝠女が……	sud_vo_adv_dear_ttmr_014_krnh-014	sud_vo_adv_dear_ttmr_014	20	3.035	keep	C:\Repositories\GakumasuVoice\output\rinha\items\keep\裏切り者の蝙蝠女が…….wav	C:\Repositories\GakumasuVoice\output\rinha\items\keep\裏切り者の蝙蝠女が…….json	/data/data/com.bandainamcoent.idolmaster_gakuen/files/octo/v1/400/6/5235363936/ee3d8851053e83cc1fe5495fadc8af10	46	47	/data/data/com.bandainamcoent.idolmaster_gakuen/files/octo/v1/400/1/523130383231/8f37b0fde78f980320768d46d40232b6
120	燐羽	極月学園の劣勢を覆して、\n風向きを変えるところをね。	sud_vo_adv_dear_ttmr_014_krnh-015	sud_vo_adv_dear_ttmr_014	21	5.848	keep	C:\Repositories\GakumasuVoice\output\rinha\items\keep\極月学園の劣勢を覆して、_風向きを変えるところをね。.wav	C:\Repositories\GakumasuVoice\output\rinha\items\keep\極月学園の劣勢を覆して、_風向きを変えるところをね。.json	/data/data/com.bandainamcoent.idolmaster_gakuen/files/octo/v1/400/6/5235363936/ee3d8851053e83cc1fe5495fadc8af10	48	49	/data/data/com.bandainamcoent.idolmaster_gakuen/files/octo/v1/400/1/523130383231/8f37b0fde78f980320768d46d40232b6
121	燐羽	はいはい、サポートに徹するわ。\n黒井さんとの約束だもの。	sud_vo_adv_dear_ttmr_014_krnh-016	sud_vo_adv_dear_ttmr_014	22	5.069	keep	C:\Repositories\GakumasuVoice\output\rinha\items\keep\はいはい、サポートに徹するわ。_黒井さんとの約束だもの。.wav	C:\Repositories\GakumasuVoice\output\rinha\items\keep\はいはい、サポートに徹するわ。_黒井さんとの約束だもの。.json	/data/data/com.bandainamcoent.idolmaster_gakuen/files/octo/v1/400/6/5235363936/ee3d8851053e83cc1fe5495fadc8af10	52	53	/data/data/com.bandainamcoent.idolmaster_gakuen/files/octo/v1/400/1/523130383231/8f37b0fde78f980320768d46d40232b6
122	燐羽	『FINALE』の優勝は譲ってあげる。\n私以外の誰かにね。	sud_vo_adv_dear_ttmr_014_krnh-017	sud_vo_adv_dear_ttmr_014	23	4.751	keep	C:\Repositories\GakumasuVoice\output\rinha\items\keep\『FINALE』の優勝は譲ってあげる。_私以外の誰かにね。.wav	C:\Repositories\GakumasuVoice\output\rinha\items\keep\『FINALE』の優勝は譲ってあげる。_私以外の誰かにね。.json	/data/data/com.bandainamcoent.idolmaster_gakuen/files/octo/v1/400/6/5235363936/ee3d8851053e83cc1fe5495fadc8af10	54	55	/data/data/com.bandainamcoent.idolmaster_gakuen/files/octo/v1/400/1/523130383231/8f37b0fde78f980320768d46d40232b6
123	燐羽	露払いもしてあげる。恥をそそいで、\nお膳立てもしてあげる。	sud_vo_adv_dear_ttmr_014_krnh-018	sud_vo_adv_dear_ttmr_014	24	5.052	keep	C:\Repositories\GakumasuVoice\output\rinha\items\keep\露払いもしてあげる。恥をそそいで、_お膳立てもしてあげる。.wav	C:\Repositories\GakumasuVoice\output\rinha\items\keep\露払いもしてあげる。恥をそそいで、_お膳立てもしてあげる。.json	/data/data/com.bandainamcoent.idolmaster_gakuen/files/octo/v1/400/6/5235363936/ee3d8851053e83cc1fe5495fadc8af10	56	57	/data/data/com.bandainamcoent.idolmaster_gakuen/files/octo/v1/400/1/523130383231/8f37b0fde78f980320768d46d40232b6
124	燐羽	それで勝てるかどうかまでは……\nしったこっちゃないけれど。	sud_vo_adv_dear_ttmr_014_krnh-019	sud_vo_adv_dear_ttmr_014	25	5.619	keep	C:\Repositories\GakumasuVoice\output\rinha\items\keep\それで勝てるかどうかまでは……_しったこっちゃないけれど。.wav	C:\Repositories\GakumasuVoice\output\rinha\items\keep\それで勝てるかどうかまでは……_しったこっちゃないけれど。.json	/data/data/com.bandainamcoent.idolmaster_gakuen/files/octo/v1/400/6/5235363936/ee3d8851053e83cc1fe5495fadc8af10	58	59	/data/data/com.bandainamcoent.idolmaster_gakuen/files/octo/v1/400/1/523130383231/8f37b0fde78f980320768d46d40232b6
125	燐羽	961プロの2軍3軍ふぜいが……\n言葉遣いに気を付けなさい。	sud_vo_adv_dear_ttmr_014_krnh-020	sud_vo_adv_dear_ttmr_014	26	6.589	keep	C:\Repositories\GakumasuVoice\output\rinha\items\keep\961プロの2軍3軍ふぜいが……_言葉遣いに気を付けなさい。.wav	C:\Repositories\GakumasuVoice\output\rinha\items\keep\961プロの2軍3軍ふぜいが……_言葉遣いに気を付けなさい。.json	/data/data/com.bandainamcoent.idolmaster_gakuen/files/octo/v1/400/6/5235363936/ee3d8851053e83cc1fe5495fadc8af10	64	65	/data/data/com.bandainamcoent.idolmaster_gakuen/files/octo/v1/400/1/523130383231/8f37b0fde78f980320768d46d40232b6
126	燐羽	炎上した原因を、\nまだわかっていないの？	sud_vo_adv_dear_ttmr_014_krnh-021	sud_vo_adv_dear_ttmr_014	27	3.523	keep	C:\Repositories\GakumasuVoice\output\rinha\items\keep\炎上した原因を、_まだわかっていないの？.wav	C:\Repositories\GakumasuVoice\output\rinha\items\keep\炎上した原因を、_まだわかっていないの？.json	/data/data/com.bandainamcoent.idolmaster_gakuen/files/octo/v1/400/6/5235363936/ee3d8851053e83cc1fe5495fadc8af10	66	67	/data/data/com.bandainamcoent.idolmaster_gakuen/files/octo/v1/400/1/523130383231/8f37b0fde78f980320768d46d40232b6
127	燐羽	あなた、アイドルなんでしょう？	sud_vo_adv_dear_ttmr_014_krnh-022	sud_vo_adv_dear_ttmr_014	28	3.200	keep	C:\Repositories\GakumasuVoice\output\rinha\items\keep\あなた、アイドルなんでしょう？.wav	C:\Repositories\GakumasuVoice\output\rinha\items\keep\あなた、アイドルなんでしょう？.json	/data/data/com.bandainamcoent.idolmaster_gakuen/files/octo/v1/400/6/5235363936/ee3d8851053e83cc1fe5495fadc8af10	70	71	/data/data/com.bandainamcoent.idolmaster_gakuen/files/octo/v1/400/1/523130383231/8f37b0fde78f980320768d46d40232b6
128	燐羽	ファンに見せられないような言動、\n二度としないで。これ以上――	sud_vo_adv_dear_ttmr_014_krnh-023	sud_vo_adv_dear_ttmr_014	29	7.044	keep	C:\Repositories\GakumasuVoice\output\rinha\items\keep\ファンに見せられないような言動、_二度としないで。これ以上――.wav	C:\Repositories\GakumasuVoice\output\rinha\items\keep\ファンに見せられないような言動、_二度としないで。これ以上――.json	/data/data/com.bandainamcoent.idolmaster_gakuen/files/octo/v1/400/6/5235363936/ee3d8851053e83cc1fe5495fadc8af10	72	73	/data/data/com.bandainamcoent.idolmaster_gakuen/files/octo/v1/400/1/523130383231/8f37b0fde78f980320768d46d40232b6
129	燐羽	足を引っ張ったら、殺すから。	sud_vo_adv_dear_ttmr_014_krnh-024	sud_vo_adv_dear_ttmr_014	30	2.744	reject	C:\Repositories\GakumasuVoice\output\rinha\items\reject\足を引っ張ったら、殺すから。.wav	C:\Repositories\GakumasuVoice\output\rinha\items\reject\足を引っ張ったら、殺すから。.json	/data/data/com.bandainamcoent.idolmaster_gakuen/files/octo/v1/400/6/5235363936/ee3d8851053e83cc1fe5495fadc8af10	75	76	/data/data/com.bandainamcoent.idolmaster_gakuen/files/octo/v1/400/1/523130383231/8f37b0fde78f980320768d46d40232b6
130	燐羽	おばか、時間通りにやらなきゃ\nメニューの意味ないでしょ。	sud_vo_adv_dear_hmsz_024_krnh-001	sud_vo_adv_dear_hmsz_024	42	4.108	keep	C:\Repositories\GakumasuVoice\output\rinha\items\keep\おばか、時間通りにやらなきゃ_メニューの意味ないでしょ。.wav	C:\Repositories\GakumasuVoice\output\rinha\items\keep\おばか、時間通りにやらなきゃ_メニューの意味ないでしょ。.json	/data/data/com.bandainamcoent.idolmaster_gakuen/files/octo/v1/400/6/52363836/4931e1dc5c6ef31bb8a782aad2940c84	75	76	/data/data/com.bandainamcoent.idolmaster_gakuen/files/octo/v1/400/2/523132373032/c041e6da5119e2d1fded0760c1322ea3
131	燐羽	なら、着替えて場所移動だけ\nしておきましょう。	sud_vo_adv_dear_hmsz_024_krnh-002	sud_vo_adv_dear_hmsz_024	43	4.163	keep	C:\Repositories\GakumasuVoice\output\rinha\items\keep\なら、着替えて場所移動だけ_しておきましょう。.wav	C:\Repositories\GakumasuVoice\output\rinha\items\keep\なら、着替えて場所移動だけ_しておきましょう。.json	/data/data/com.bandainamcoent.idolmaster_gakuen/files/octo/v1/400/6/52363836/4931e1dc5c6ef31bb8a782aad2940c84	91	92	/data/data/com.bandainamcoent.idolmaster_gakuen/files/octo/v1/400/2/523132373032/c041e6da5119e2d1fded0760c1322ea3
132	燐羽	ストレッチくらいなら……\n先にはじめちゃってもいいかな～。	sud_vo_adv_dear_hmsz_024_krnh-003	sud_vo_adv_dear_hmsz_024	44	5.069	keep	C:\Repositories\GakumasuVoice\output\rinha\items\keep\ストレッチくらいなら……_先にはじめちゃってもいいかな～。.wav	C:\Repositories\GakumasuVoice\output\rinha\items\keep\ストレッチくらいなら……_先にはじめちゃってもいいかな～。.json	/data/data/com.bandainamcoent.idolmaster_gakuen/files/octo/v1/400/6/52363836/4931e1dc5c6ef31bb8a782aad2940c84	95	96	/data/data/com.bandainamcoent.idolmaster_gakuen/files/octo/v1/400/2/523132373032/c041e6da5119e2d1fded0760c1322ea3
133	燐羽	はあっ？\n楽しいわけないでしょ？	sud_vo_adv_dear_hmsz_024_krnh-004	sud_vo_adv_dear_hmsz_024	45	3.473	keep	C:\Repositories\GakumasuVoice\output\rinha\items\keep\はあっ？_楽しいわけないでしょ？.wav	C:\Repositories\GakumasuVoice\output\rinha\items\keep\はあっ？_楽しいわけないでしょ？.json	/data/data/com.bandainamcoent.idolmaster_gakuen/files/octo/v1/400/6/52363836/4931e1dc5c6ef31bb8a782aad2940c84	114	115	/data/data/com.bandainamcoent.idolmaster_gakuen/files/octo/v1/400/2/523132373032/c041e6da5119e2d1fded0760c1322ea3
134	燐羽	あなたたちのせいで、仕方なく、\nアイドルに戻ることを余儀なくされて。	sud_vo_adv_dear_hmsz_024_krnh-005	sud_vo_adv_dear_hmsz_024	46	6.127	keep	C:\Repositories\GakumasuVoice\output\rinha\items\keep\あなたたちのせいで、仕方なく、_アイドルに戻ることを余儀なくされて。.wav	C:\Repositories\GakumasuVoice\output\rinha\items\keep\あなたたちのせいで、仕方なく、_アイドルに戻ることを余儀なくされて。.json	/data/data/com.bandainamcoent.idolmaster_gakuen/files/octo/v1/400/6/52363836/4931e1dc5c6ef31bb8a782aad2940c84	123	124	/data/data/com.bandainamcoent.idolmaster_gakuen/files/octo/v1/400/2/523132373032/c041e6da5119e2d1fded0760c1322ea3
135	燐羽	嫌々、渋々……\nレッスンをしてあげているだけ。	sud_vo_adv_dear_hmsz_024_krnh-006	sud_vo_adv_dear_hmsz_024	47	4.652	keep	C:\Repositories\GakumasuVoice\output\rinha\items\keep\嫌々、渋々……_レッスンをしてあげているだけ。.wav	C:\Repositories\GakumasuVoice\output\rinha\items\keep\嫌々、渋々……_レッスンをしてあげているだけ。.json	/data/data/com.bandainamcoent.idolmaster_gakuen/files/octo/v1/400/6/52363836/4931e1dc5c6ef31bb8a782aad2940c84	129	130	/data/data/com.bandainamcoent.idolmaster_gakuen/files/octo/v1/400/2/523132373032/c041e6da5119e2d1fded0760c1322ea3
136	燐羽	そういうあなたは、\nすっごく不満そうな顔。	sud_vo_adv_dear_hmsz_024_krnh-007	sud_vo_adv_dear_hmsz_024	48	4.064	keep	C:\Repositories\GakumasuVoice\output\rinha\items\keep\そういうあなたは、_すっごく不満そうな顔。.wav	C:\Repositories\GakumasuVoice\output\rinha\items\keep\そういうあなたは、_すっごく不満そうな顔。.json	/data/data/com.bandainamcoent.idolmaster_gakuen/files/octo/v1/400/6/52363836/4931e1dc5c6ef31bb8a782aad2940c84	145	146	/data/data/com.bandainamcoent.idolmaster_gakuen/files/octo/v1/400/2/523132373032/c041e6da5119e2d1fded0760c1322ea3
137	燐羽	ちっとも察せてないじゃない。\nなーにがプロなんだか。	sud_vo_adv_dear_hmsz_024_krnh-008	sud_vo_adv_dear_hmsz_024	49	5.411	keep	C:\Repositories\GakumasuVoice\output\rinha\items\keep\ちっとも察せてないじゃない。_なーにがプロなんだか。.wav	C:\Repositories\GakumasuVoice\output\rinha\items\keep\ちっとも察せてないじゃない。_なーにがプロなんだか。.json	/data/data/com.bandainamcoent.idolmaster_gakuen/files/octo/v1/400/6/52363836/4931e1dc5c6ef31bb8a782aad2940c84	257	258	/data/data/com.bandainamcoent.idolmaster_gakuen/files/octo/v1/400/2/523132373032/c041e6da5119e2d1fded0760c1322ea3
138	燐羽	ねぇねぇっ、ちょっと聞いてくれる――	sud_vo_adv_dear_hmsz_024_krnh-009	sud_vo_adv_dear_hmsz_024	50	3.350	keep	C:\Repositories\GakumasuVoice\output\rinha\items\keep\ねぇねぇっ、ちょっと聞いてくれる――.wav	C:\Repositories\GakumasuVoice\output\rinha\items\keep\ねぇねぇっ、ちょっと聞いてくれる――.json	/data/data/com.bandainamcoent.idolmaster_gakuen/files/octo/v1/400/6/52363836/4931e1dc5c6ef31bb8a782aad2940c84	342	344	/data/data/com.bandainamcoent.idolmaster_gakuen/files/octo/v1/400/2/523132373032/c041e6da5119e2d1fded0760c1322ea3
139	燐羽	あら、プロデューサーもいたのね。\n……手毬は？	sud_vo_adv_dear_hmsz_024_krnh-010	sud_vo_adv_dear_hmsz_024	51	5.031	keep	C:\Repositories\GakumasuVoice\output\rinha\items\keep\あら、プロデューサーもいたのね。_……手毬は？.wav	C:\Repositories\GakumasuVoice\output\rinha\items\keep\あら、プロデューサーもいたのね。_……手毬は？.json	/data/data/com.bandainamcoent.idolmaster_gakuen/files/octo/v1/400/6/52363836/4931e1dc5c6ef31bb8a782aad2940c84	350	351	/data/data/com.bandainamcoent.idolmaster_gakuen/files/octo/v1/400/2/523132373032/c041e6da5119e2d1fded0760c1322ea3
140	燐羽	あれってそんな名前だったっけ？\nまあいいわ。このニュースは見た？	sud_vo_adv_dear_hmsz_024_krnh-011	sud_vo_adv_dear_hmsz_024	52	6.997	keep	C:\Repositories\GakumasuVoice\output\rinha\items\keep\あれってそんな名前だったっけ？_まあいいわ。このニュースは見た？.wav	C:\Repositories\GakumasuVoice\output\rinha\items\keep\あれってそんな名前だったっけ？_まあいいわ。このニュースは見た？.json	/data/data/com.bandainamcoent.idolmaster_gakuen/files/octo/v1/400/6/52363836/4931e1dc5c6ef31bb8a782aad2940c84	376	380	/data/data/com.bandainamcoent.idolmaster_gakuen/files/octo/v1/400/2/523132373032/c041e6da5119e2d1fded0760c1322ea3
141	燐羽	大見出しで『トップアイドル\n十王星南誕生！！』って。	sud_vo_adv_dear_hmsz_024_krnh-012	sud_vo_adv_dear_hmsz_024	53	4.800	keep	C:\Repositories\GakumasuVoice\output\rinha\items\keep\大見出しで『トップアイドル_十王星南誕生！！』って。.wav	C:\Repositories\GakumasuVoice\output\rinha\items\keep\大見出しで『トップアイドル_十王星南誕生！！』って。.json	/data/data/com.bandainamcoent.idolmaster_gakuen/files/octo/v1/400/6/52363836/4931e1dc5c6ef31bb8a782aad2940c84	387	388	/data/data/com.bandainamcoent.idolmaster_gakuen/files/octo/v1/400/2/523132373032/c041e6da5119e2d1fded0760c1322ea3
142	燐羽	レジェンドたちとの共演の場で、\n大々的に勝利宣言したらしいわよ。\nずいぶん頼もしい先輩じゃない？	sud_vo_adv_dear_hmsz_024_krnh-013	sud_vo_adv_dear_hmsz_024	54	9.310	keep	C:\Repositories\GakumasuVoice\output\rinha\items\keep\レジェンドたちとの共演の場で、_大々的に勝利宣言したらしいわよ。_ずいぶん頼もしい先輩じゃない？.wav	C:\Repositories\GakumasuVoice\output\rinha\items\keep\レジェンドたちとの共演の場で、_大々的に勝利宣言したらしいわよ。_ずいぶん頼もしい先輩じゃない？.json	/data/data/com.bandainamcoent.idolmaster_gakuen/files/octo/v1/400/6/52363836/4931e1dc5c6ef31bb8a782aad2940c84	393	394	/data/data/com.bandainamcoent.idolmaster_gakuen/files/octo/v1/400/2/523132373032/c041e6da5119e2d1fded0760c1322ea3
143	燐羽	なぁに、ふたりして。その訳知り顔。	sud_vo_adv_dear_hmsz_024_krnh-014	sud_vo_adv_dear_hmsz_024	55	3.450	keep	C:\Repositories\GakumasuVoice\output\rinha\items\keep\なぁに、ふたりして。その訳知り顔。.wav	C:\Repositories\GakumasuVoice\output\rinha\items\keep\なぁに、ふたりして。その訳知り顔。.json	/data/data/com.bandainamcoent.idolmaster_gakuen/files/octo/v1/400/6/52363836/4931e1dc5c6ef31bb8a782aad2940c84	416	417	/data/data/com.bandainamcoent.idolmaster_gakuen/files/octo/v1/400/2/523132373032/c041e6da5119e2d1fded0760c1322ea3
144	燐羽	あぁ、それもそうね。	sud_vo_adv_dear_hmsz_024_krnh-015	sud_vo_adv_dear_hmsz_024	56	2.350	reject	C:\Repositories\GakumasuVoice\output\rinha\items\reject\あぁ、それもそうね。.wav	C:\Repositories\GakumasuVoice\output\rinha\items\reject\あぁ、それもそうね。.json	/data/data/com.bandainamcoent.idolmaster_gakuen/files/octo/v1/400/6/52363836/4931e1dc5c6ef31bb8a782aad2940c84	437	439	/data/data/com.bandainamcoent.idolmaster_gakuen/files/octo/v1/400/2/523132373032/c041e6da5119e2d1fded0760c1322ea3
145	燐羽	あっ、そうそう。このニュースで、\n十王星南の株が急騰したじゃない？	sud_vo_adv_dear_hmsz_024_krnh-016	sud_vo_adv_dear_hmsz_024	57	6.695	keep	C:\Repositories\GakumasuVoice\output\rinha\items\keep\あっ、そうそう。このニュースで、_十王星南の株が急騰したじゃない？.wav	C:\Repositories\GakumasuVoice\output\rinha\items\keep\あっ、そうそう。このニュースで、_十王星南の株が急騰したじゃない？.json	/data/data/com.bandainamcoent.idolmaster_gakuen/files/octo/v1/400/6/52363836/4931e1dc5c6ef31bb8a782aad2940c84	452	453	/data/data/com.bandainamcoent.idolmaster_gakuen/files/octo/v1/400/2/523132373032/c041e6da5119e2d1fded0760c1322ea3
146	燐羽	すべてのグッズが一瞬で\nソールドアウトしたらしいわよ。	sud_vo_adv_dear_hmsz_024_krnh-017	sud_vo_adv_dear_hmsz_024	58	3.782	keep	C:\Repositories\GakumasuVoice\output\rinha\items\keep\すべてのグッズが一瞬で_ソールドアウトしたらしいわよ。.wav	C:\Repositories\GakumasuVoice\output\rinha\items\keep\すべてのグッズが一瞬で_ソールドアウトしたらしいわよ。.json	/data/data/com.bandainamcoent.idolmaster_gakuen/files/octo/v1/400/6/52363836/4931e1dc5c6ef31bb8a782aad2940c84	457	458	/data/data/com.bandainamcoent.idolmaster_gakuen/files/octo/v1/400/2/523132373032/c041e6da5119e2d1fded0760c1322ea3
147	燐羽	見てコレ、\n『H.I.F』限定のぬいぐるみ。\n当日現地で買っておいてよかった～♡	sud_vo_adv_dear_hmsz_024_krnh-018	sud_vo_adv_dear_hmsz_024	59	8.736	keep	C:\Repositories\GakumasuVoice\output\rinha\items\keep\見てコレ、_『H.I.F』限定のぬいぐるみ。_当日現地で買っておいてよかった～♡.wav	C:\Repositories\GakumasuVoice\output\rinha\items\keep\見てコレ、_『H.I.F』限定のぬいぐるみ。_当日現地で買っておいてよかった～♡.json	/data/data/com.bandainamcoent.idolmaster_gakuen/files/octo/v1/400/6/52363836/4931e1dc5c6ef31bb8a782aad2940c84	472	473	/data/data/com.bandainamcoent.idolmaster_gakuen/files/octo/v1/400/2/523132373032/c041e6da5119e2d1fded0760c1322ea3
148	燐羽	でしょ♪　自慢したかったの。\n他にも色々買っちゃった。\n花海姉妹のと、一応あなたたちのと――	sud_vo_adv_dear_hmsz_024_krnh-019	sud_vo_adv_dear_hmsz_024	60	10.148	reject	C:\Repositories\GakumasuVoice\output\rinha\items\reject\でしょ♪_自慢したかったの。_他にも色々買っちゃった。_花海姉妹のと、一応あなたたちのと――.wav	C:\Repositories\GakumasuVoice\output\rinha\items\reject\でしょ♪_自慢したかったの。_他にも色々買っちゃった。_花海姉妹のと、一応あなたたちのと――.json	/data/data/com.bandainamcoent.idolmaster_gakuen/files/octo/v1/400/6/52363836/4931e1dc5c6ef31bb8a782aad2940c84	496	497	/data/data/com.bandainamcoent.idolmaster_gakuen/files/octo/v1/400/2/523132373032/c041e6da5119e2d1fded0760c1322ea3
149	燐羽	雨夜燕グッズも人気が上がっている\nらしいけど、	sud_vo_adv_dear_hmsz_024_krnh-020	sud_vo_adv_dear_hmsz_024	61	3.539	keep	C:\Repositories\GakumasuVoice\output\rinha\items\keep\雨夜燕グッズも人気が上がっている_らしいけど、.wav	C:\Repositories\GakumasuVoice\output\rinha\items\keep\雨夜燕グッズも人気が上がっている_らしいけど、.json	/data/data/com.bandainamcoent.idolmaster_gakuen/files/octo/v1/400/6/52363836/4931e1dc5c6ef31bb8a782aad2940c84	508	509	/data/data/com.bandainamcoent.idolmaster_gakuen/files/octo/v1/400/2/523132373032/c041e6da5119e2d1fded0760c1322ea3
150	燐羽	長い黒髪のアイドルは、ちょっと、\nねえ。好みじゃないっていうか～。	sud_vo_adv_dear_hmsz_024_krnh-021	sud_vo_adv_dear_hmsz_024	62	6.919	keep	C:\Repositories\GakumasuVoice\output\rinha\items\keep\長い黒髪のアイドルは、ちょっと、_ねえ。好みじゃないっていうか～。.wav	C:\Repositories\GakumasuVoice\output\rinha\items\keep\長い黒髪のアイドルは、ちょっと、_ねえ。好みじゃないっていうか～。.json	/data/data/com.bandainamcoent.idolmaster_gakuen/files/octo/v1/400/6/52363836/4931e1dc5c6ef31bb8a782aad2940c84	514	515	/data/data/com.bandainamcoent.idolmaster_gakuen/files/octo/v1/400/2/523132373032/c041e6da5119e2d1fded0760c1322ea3
151	燐羽	悪い？	sud_vo_adv_dear_hmsz_024_krnh-022	sud_vo_adv_dear_hmsz_024	63	1.001	reject	C:\Repositories\GakumasuVoice\output\rinha\items\reject\悪い？-2.wav	C:\Repositories\GakumasuVoice\output\rinha\items\reject\悪い？-2.json	/data/data/com.bandainamcoent.idolmaster_gakuen/files/octo/v1/400/6/52363836/4931e1dc5c6ef31bb8a782aad2940c84	539	540	/data/data/com.bandainamcoent.idolmaster_gakuen/files/octo/v1/400/2/523132373032/c041e6da5119e2d1fded0760c1322ea3
152	燐羽	アイドルじゃないもの。	sud_vo_adv_dear_hmsz_024_krnh-023	sud_vo_adv_dear_hmsz_024	64	1.484	reject	C:\Repositories\GakumasuVoice\output\rinha\items\reject\アイドルじゃないもの。.wav	C:\Repositories\GakumasuVoice\output\rinha\items\reject\アイドルじゃないもの。.json	/data/data/com.bandainamcoent.idolmaster_gakuen/files/octo/v1/400/6/52363836/4931e1dc5c6ef31bb8a782aad2940c84	559	560	/data/data/com.bandainamcoent.idolmaster_gakuen/files/octo/v1/400/2/523132373032/c041e6da5119e2d1fded0760c1322ea3
153	燐羽	私は、一アイドルファンとして、\n賀陽燐羽をアイドルだとは認めない。	sud_vo_adv_dear_hmsz_024_krnh-024	sud_vo_adv_dear_hmsz_024	65	6.324	keep	C:\Repositories\GakumasuVoice\output\rinha\items\keep\私は、一アイドルファンとして、_賀陽燐羽をアイドルだとは認めない。.wav	C:\Repositories\GakumasuVoice\output\rinha\items\keep\私は、一アイドルファンとして、_賀陽燐羽をアイドルだとは認めない。.json	/data/data/com.bandainamcoent.idolmaster_gakuen/files/octo/v1/400/6/52363836/4931e1dc5c6ef31bb8a782aad2940c84	566	567	/data/data/com.bandainamcoent.idolmaster_gakuen/files/octo/v1/400/2/523132373032/c041e6da5119e2d1fded0760c1322ea3
154	燐羽	それはあなたの考えでしょ。私は……	sud_vo_adv_dear_hmsz_024_krnh-025	sud_vo_adv_dear_hmsz_024	66	4.578	keep	C:\Repositories\GakumasuVoice\output\rinha\items\keep\それはあなたの考えでしょ。私は…….wav	C:\Repositories\GakumasuVoice\output\rinha\items\keep\それはあなたの考えでしょ。私は…….json	/data/data/com.bandainamcoent.idolmaster_gakuen/files/octo/v1/400/6/52363836/4931e1dc5c6ef31bb8a782aad2940c84	580	581	/data/data/com.bandainamcoent.idolmaster_gakuen/files/octo/v1/400/2/523132373032/c041e6da5119e2d1fded0760c1322ea3
155	燐羽	意識と覚悟がないアイドルなんて、\n心がこもっていないライブなんて、\n認めないし許さない。	sud_vo_adv_dear_hmsz_024_krnh-026	sud_vo_adv_dear_hmsz_024	67	8.013	keep	C:\Repositories\GakumasuVoice\output\rinha\items\keep\意識と覚悟がないアイドルなんて、_心がこもっていないライブなんて、_認めないし許さない。.wav	C:\Repositories\GakumasuVoice\output\rinha\items\keep\意識と覚悟がないアイドルなんて、_心がこもっていないライブなんて、_認めないし許さない。.json	/data/data/com.bandainamcoent.idolmaster_gakuen/files/octo/v1/400/6/52363836/4931e1dc5c6ef31bb8a782aad2940c84	586	587	/data/data/com.bandainamcoent.idolmaster_gakuen/files/octo/v1/400/2/523132373032/c041e6da5119e2d1fded0760c1322ea3
156	燐羽	美鈴？	sud_vo_adv_dear_hmsz_024_krnh-027	sud_vo_adv_dear_hmsz_024	68	0.889	reject	C:\Repositories\GakumasuVoice\output\rinha\items\reject\美鈴？.wav	C:\Repositories\GakumasuVoice\output\rinha\items\reject\美鈴？.json	/data/data/com.bandainamcoent.idolmaster_gakuen/files/octo/v1/400/6/52363836/4931e1dc5c6ef31bb8a782aad2940c84	647	648	/data/data/com.bandainamcoent.idolmaster_gakuen/files/octo/v1/400/2/523132373032/c041e6da5119e2d1fded0760c1322ea3
157	燐羽	手毬ぃ～。食べもの買いすぎでしょ。\nまた太って、泣く姿が想像できるわ。	sud_vo_adv_csprt-3-0096_02_krnh-001	sud_vo_adv_csprt-3-0096_02	9	7.981	keep	C:\Repositories\GakumasuVoice\output\rinha\items\keep\手毬ぃ～。食べもの買いすぎでしょ。_また太って、泣く姿が想像できるわ。.wav	C:\Repositories\GakumasuVoice\output\rinha\items\keep\手毬ぃ～。食べもの買いすぎでしょ。_また太って、泣く姿が想像できるわ。.json	/data/data/com.bandainamcoent.idolmaster_gakuen/files/octo/v1/400/7/52333137/aa902e2d621dc28e9c375ef4e4898cdd	124	125	/data/data/com.bandainamcoent.idolmaster_gakuen/files/octo/v1/400/4/5237383734/de04a82bb393d5aa48df949ee44e6cbf
158	燐羽	ククッ、それ、はんぶんも～らい。	sud_vo_adv_csprt-3-0096_02_krnh-002	sud_vo_adv_csprt-3-0096_02	10	4.946	keep	C:\Repositories\GakumasuVoice\output\rinha\items\keep\ククッ、それ、はんぶんも～らい。.wav	C:\Repositories\GakumasuVoice\output\rinha\items\keep\ククッ、それ、はんぶんも～らい。.json	/data/data/com.bandainamcoent.idolmaster_gakuen/files/octo/v1/400/7/52333137/aa902e2d621dc28e9c375ef4e4898cdd	126	127	/data/data/com.bandainamcoent.idolmaster_gakuen/files/octo/v1/400/4/5237383734/de04a82bb393d5aa48df949ee44e6cbf
159	燐羽	――1つだけ聞かせて。	sud_vo_adv_dear_hski_016_krnh-001	sud_vo_adv_dear_hski_016	40	1.810	reject	C:\Repositories\GakumasuVoice\output\rinha\items\reject\――1つだけ聞かせて。.wav	C:\Repositories\GakumasuVoice\output\rinha\items\reject\――1つだけ聞かせて。.json	/data/data/com.bandainamcoent.idolmaster_gakuen/files/octo/v1/400/7/5233353237/6ea2152bf9e05cb6a8f3e5ed5e0209f9	127	128	/data/data/com.bandainamcoent.idolmaster_gakuen/files/octo/v1/400/5/523130343735/8d91a7054bd63a794dcd5f097cb6381a
160	燐羽	どうして私に勝てたの？	sud_vo_adv_dear_hski_016_krnh-002	sud_vo_adv_dear_hski_016	41	2.001	reject	C:\Repositories\GakumasuVoice\output\rinha\items\reject\どうして私に勝てたの？.wav	C:\Repositories\GakumasuVoice\output\rinha\items\reject\どうして私に勝てたの？.json	/data/data/com.bandainamcoent.idolmaster_gakuen/files/octo/v1/400/7/5233353237/6ea2152bf9e05cb6a8f3e5ed5e0209f9	129	130	/data/data/com.bandainamcoent.idolmaster_gakuen/files/octo/v1/400/5/523130343735/8d91a7054bd63a794dcd5f097cb6381a
161	燐羽	それでもいい……聞かせて。	sud_vo_adv_dear_hski_016_krnh-003	sud_vo_adv_dear_hski_016	42	3.272	keep	C:\Repositories\GakumasuVoice\output\rinha\items\keep\それでもいい……聞かせて。.wav	C:\Repositories\GakumasuVoice\output\rinha\items\keep\それでもいい……聞かせて。.json	/data/data/com.bandainamcoent.idolmaster_gakuen/files/octo/v1/400/7/5233353237/6ea2152bf9e05cb6a8f3e5ed5e0209f9	139	140	/data/data/com.bandainamcoent.idolmaster_gakuen/files/octo/v1/400/5/523130343735/8d91a7054bd63a794dcd5f097cb6381a
162	燐羽	なら、なぜ？	sud_vo_adv_dear_hski_016_krnh-004	sud_vo_adv_dear_hski_016	43	0.916	reject	C:\Repositories\GakumasuVoice\output\rinha\items\reject\なら、なぜ？.wav	C:\Repositories\GakumasuVoice\output\rinha\items\reject\なら、なぜ？.json	/data/data/com.bandainamcoent.idolmaster_gakuen/files/octo/v1/400/7/5233353237/6ea2152bf9e05cb6a8f3e5ed5e0209f9	161	162	/data/data/com.bandainamcoent.idolmaster_gakuen/files/octo/v1/400/5/523130343735/8d91a7054bd63a794dcd5f097cb6381a
163	燐羽	うん……それで？	sud_vo_adv_dear_hski_016_krnh-005	sud_vo_adv_dear_hski_016	44	2.499	reject	C:\Repositories\GakumasuVoice\output\rinha\items\reject\うん……それで？.wav	C:\Repositories\GakumasuVoice\output\rinha\items\reject\うん……それで？.json	/data/data/com.bandainamcoent.idolmaster_gakuen/files/octo/v1/400/7/5233353237/6ea2152bf9e05cb6a8f3e5ed5e0209f9	173	174	/data/data/com.bandainamcoent.idolmaster_gakuen/files/octo/v1/400/5/523130343735/8d91a7054bd63a794dcd5f097cb6381a
164	燐羽	私は？　なぁに？	sud_vo_adv_dear_hski_016_krnh-006	sud_vo_adv_dear_hski_016	45	2.405	reject	C:\Repositories\GakumasuVoice\output\rinha\items\reject\私は？_なぁに？.wav	C:\Repositories\GakumasuVoice\output\rinha\items\reject\私は？_なぁに？.json	/data/data/com.bandainamcoent.idolmaster_gakuen/files/octo/v1/400/7/5233353237/6ea2152bf9e05cb6a8f3e5ed5e0209f9	187	188	/data/data/com.bandainamcoent.idolmaster_gakuen/files/octo/v1/400/5/523130343735/8d91a7054bd63a794dcd5f097cb6381a
165	燐羽	………………………ふふ。	sud_vo_adv_dear_hski_016_krnh-007	sud_vo_adv_dear_hski_016	46	2.533	reject	C:\Repositories\GakumasuVoice\output\rinha\items\reject\………………………ふふ。.wav	C:\Repositories\GakumasuVoice\output\rinha\items\reject\………………………ふふ。.json	/data/data/com.bandainamcoent.idolmaster_gakuen/files/octo/v1/400/7/5233353237/6ea2152bf9e05cb6a8f3e5ed5e0209f9	196	197	/data/data/com.bandainamcoent.idolmaster_gakuen/files/octo/v1/400/5/523130343735/8d91a7054bd63a794dcd5f097cb6381a
166	燐羽	――――――――――――――――	sud_vo_adv_dear_hski_016_krnh-008	sud_vo_adv_dear_hski_016	47	2.076	reject	C:\Repositories\GakumasuVoice\output\rinha\items\reject\――――――――――――――――.wav	C:\Repositories\GakumasuVoice\output\rinha\items\reject\――――――――――――――――.json	/data/data/com.bandainamcoent.idolmaster_gakuen/files/octo/v1/400/7/5233353237/6ea2152bf9e05cb6a8f3e5ed5e0209f9	239	240	/data/data/com.bandainamcoent.idolmaster_gakuen/files/octo/v1/400/5/523130343735/8d91a7054bd63a794dcd5f097cb6381a
167	燐羽	――そう。	sud_vo_adv_dear_hski_016_krnh-009	sud_vo_adv_dear_hski_016	48	0.771	reject	C:\Repositories\GakumasuVoice\output\rinha\items\reject\――そう。.wav	C:\Repositories\GakumasuVoice\output\rinha\items\reject\――そう。.json	/data/data/com.bandainamcoent.idolmaster_gakuen/files/octo/v1/400/7/5233353237/6ea2152bf9e05cb6a8f3e5ed5e0209f9	256	257	/data/data/com.bandainamcoent.idolmaster_gakuen/files/octo/v1/400/5/523130343735/8d91a7054bd63a794dcd5f097cb6381a
168	燐羽	よく、わかった。	sud_vo_adv_dear_hski_016_krnh-010	sud_vo_adv_dear_hski_016	49	1.600	reject	C:\Repositories\GakumasuVoice\output\rinha\items\reject\よく、わかった。.wav	C:\Repositories\GakumasuVoice\output\rinha\items\reject\よく、わかった。.json	/data/data/com.bandainamcoent.idolmaster_gakuen/files/octo/v1/400/7/5233353237/6ea2152bf9e05cb6a8f3e5ed5e0209f9	258	259	/data/data/com.bandainamcoent.idolmaster_gakuen/files/octo/v1/400/5/523130343735/8d91a7054bd63a794dcd5f097cb6381a
169	燐羽	……羨ましい。	sud_vo_adv_dear_hski_016_krnh-011	sud_vo_adv_dear_hski_016	50	1.118	reject	C:\Repositories\GakumasuVoice\output\rinha\items\reject\……羨ましい。.wav	C:\Repositories\GakumasuVoice\output\rinha\items\reject\……羨ましい。.json	/data/data/com.bandainamcoent.idolmaster_gakuen/files/octo/v1/400/7/5233353237/6ea2152bf9e05cb6a8f3e5ed5e0209f9	267	268	/data/data/com.bandainamcoent.idolmaster_gakuen/files/octo/v1/400/5/523130343735/8d91a7054bd63a794dcd5f097cb6381a
170	燐羽	あなた、メッキなんてない方が素敵よ。	sud_vo_adv_dear_hski_016_krnh-012	sud_vo_adv_dear_hski_016	51	4.042	keep	C:\Repositories\GakumasuVoice\output\rinha\items\keep\あなた、メッキなんてない方が素敵よ。.wav	C:\Repositories\GakumasuVoice\output\rinha\items\keep\あなた、メッキなんてない方が素敵よ。.json	/data/data/com.bandainamcoent.idolmaster_gakuen/files/octo/v1/400/7/5233353237/6ea2152bf9e05cb6a8f3e5ed5e0209f9	278	279	/data/data/com.bandainamcoent.idolmaster_gakuen/files/octo/v1/400/5/523130343735/8d91a7054bd63a794dcd5f097cb6381a
171	燐羽	ちゅっ♡	sud_vo_adv_dear_hski_016_krnh-013	sud_vo_adv_dear_hski_016	52	0.432	reject	C:\Repositories\GakumasuVoice\output\rinha\items\reject\ちゅっ♡.wav	C:\Repositories\GakumasuVoice\output\rinha\items\reject\ちゅっ♡.json	/data/data/com.bandainamcoent.idolmaster_gakuen/files/octo/v1/400/7/5233353237/6ea2152bf9e05cb6a8f3e5ed5e0209f9	288	289	/data/data/com.bandainamcoent.idolmaster_gakuen/files/octo/v1/400/5/523130343735/8d91a7054bd63a794dcd5f097cb6381a
172	燐羽	またね、咲季お姉ちゃん♡	sud_vo_adv_dear_hski_016_krnh-014	sud_vo_adv_dear_hski_016	53	3.352	keep	C:\Repositories\GakumasuVoice\output\rinha\items\keep\またね、咲季お姉ちゃん♡.wav	C:\Repositories\GakumasuVoice\output\rinha\items\keep\またね、咲季お姉ちゃん♡.json	/data/data/com.bandainamcoent.idolmaster_gakuen/files/octo/v1/400/7/5233353237/6ea2152bf9e05cb6a8f3e5ed5e0209f9	312	313	/data/data/com.bandainamcoent.idolmaster_gakuen/files/octo/v1/400/5/523130343735/8d91a7054bd63a794dcd5f097cb6381a
173	燐羽	なに、諦めるの？　根性無し。	sud_vo_adv_event_016_main-03_krnh-001	sud_vo_adv_event_016_main-03	7	4.596	keep	C:\Repositories\GakumasuVoice\output\rinha\items\keep\なに、諦めるの？_根性無し。.wav	C:\Repositories\GakumasuVoice\output\rinha\items\keep\なに、諦めるの？_根性無し。.json	/data/data/com.bandainamcoent.idolmaster_gakuen/files/octo/v1/400/7/5234323937/599d0aba7a060062b2cfd766181c96df	138	139	/data/data/com.bandainamcoent.idolmaster_gakuen/files/octo/v1/400/0/5239363730/7ca0a205fb05bd114e42f2ae04647cad
174	燐羽	……はぁ。	sud_vo_adv_event_016_main-03_krnh-002	sud_vo_adv_event_016_main-03	8	2.500	reject	C:\Repositories\GakumasuVoice\output\rinha\items\reject\……はぁ。.wav	C:\Repositories\GakumasuVoice\output\rinha\items\reject\……はぁ。.json	/data/data/com.bandainamcoent.idolmaster_gakuen/files/octo/v1/400/7/5234323937/599d0aba7a060062b2cfd766181c96df	142	143	/data/data/com.bandainamcoent.idolmaster_gakuen/files/octo/v1/400/0/5239363730/7ca0a205fb05bd114e42f2ae04647cad
175	燐羽	グリップはこう握って。\nタイミングを合わせて――振り抜く！	sud_vo_adv_event_016_main-03_krnh-003	sud_vo_adv_event_016_main-03	9	6.930	keep	C:\Repositories\GakumasuVoice\output\rinha\items\keep\グリップはこう握って。_タイミングを合わせて――振り抜く！.wav	C:\Repositories\GakumasuVoice\output\rinha\items\keep\グリップはこう握って。_タイミングを合わせて――振り抜く！.json	/data/data/com.bandainamcoent.idolmaster_gakuen/files/octo/v1/400/7/5234323937/599d0aba7a060062b2cfd766181c96df	147	148	/data/data/com.bandainamcoent.idolmaster_gakuen/files/octo/v1/400/0/5239363730/7ca0a205fb05bd114e42f2ae04647cad
176	燐羽	……もう少し続けてみなさい。	sud_vo_adv_event_016_main-03_krnh-004	sud_vo_adv_event_016_main-03	10	2.084	reject	C:\Repositories\GakumasuVoice\output\rinha\items\reject\……もう少し続けてみなさい。.wav	C:\Repositories\GakumasuVoice\output\rinha\items\reject\……もう少し続けてみなさい。.json	/data/data/com.bandainamcoent.idolmaster_gakuen/files/octo/v1/400/7/5234323937/599d0aba7a060062b2cfd766181c96df	149	150	/data/data/com.bandainamcoent.idolmaster_gakuen/files/octo/v1/400/0/5239363730/7ca0a205fb05bd114e42f2ae04647cad
177	燐羽	打てるようになると、\n結構楽しいから。	sud_vo_adv_event_016_main-03_krnh-005	sud_vo_adv_event_016_main-03	11	3.297	keep	C:\Repositories\GakumasuVoice\output\rinha\items\keep\打てるようになると、_結構楽しいから。.wav	C:\Repositories\GakumasuVoice\output\rinha\items\keep\打てるようになると、_結構楽しいから。.json	/data/data/com.bandainamcoent.idolmaster_gakuen/files/octo/v1/400/7/5234323937/599d0aba7a060062b2cfd766181c96df	151	152	/data/data/com.bandainamcoent.idolmaster_gakuen/files/octo/v1/400/0/5239363730/7ca0a205fb05bd114e42f2ae04647cad
178	燐羽	あなた、メッキなんてない方が素敵よ。	sud_vo_adv_dear_hski_017_krnh-001	sud_vo_adv_dear_hski_017	37	4.042	keep	C:\Repositories\GakumasuVoice\output\rinha\items\keep\あなた、メッキなんてない方が素敵よ。-2.wav	C:\Repositories\GakumasuVoice\output\rinha\items\keep\あなた、メッキなんてない方が素敵よ。-2.json	/data/data/com.bandainamcoent.idolmaster_gakuen/files/octo/v1/400/7/5234373937/854c94395697a1956cf3d66e2eb448aa	103	104	/data/data/com.bandainamcoent.idolmaster_gakuen/files/octo/v1/400/0/523130323230/0f7c50d924711e6ac859251e9c8c5d95
179	燐羽	できもしない約束を……\nするものではないわ。	sud_vo_adv_dear_hume_012_krnh-001	sud_vo_adv_dear_hume_012	49	4.537	keep	C:\Repositories\GakumasuVoice\output\rinha\items\keep\できもしない約束を……_するものではないわ。.wav	C:\Repositories\GakumasuVoice\output\rinha\items\keep\できもしない約束を……_するものではないわ。.json	/data/data/com.bandainamcoent.idolmaster_gakuen/files/octo/v1/400/7/52363537/e1c4a6049c42ac49d345da9ed963a5b8	301	302	/data/data/com.bandainamcoent.idolmaster_gakuen/files/octo/v1/400/4/523132323834/a9a3c961e4c89f9b47eacb5f05e5a54f
180	燐羽	馴れ馴れしく呼ばないでくれる？	sud_vo_adv_dear_hume_012_krnh-002	sud_vo_adv_dear_hume_012	50	2.330	reject	C:\Repositories\GakumasuVoice\output\rinha\items\reject\馴れ馴れしく呼ばないでくれる？.wav	C:\Repositories\GakumasuVoice\output\rinha\items\reject\馴れ馴れしく呼ばないでくれる？.json	/data/data/com.bandainamcoent.idolmaster_gakuen/files/octo/v1/400/7/52363537/e1c4a6049c42ac49d345da9ed963a5b8	322	323	/data/data/com.bandainamcoent.idolmaster_gakuen/files/octo/v1/400/4/523132323834/a9a3c961e4c89f9b47eacb5f05e5a54f
181	燐羽	……花海佑芽さん。\n私、あなたのファンなの。	sud_vo_adv_dear_hume_012_krnh-003	sud_vo_adv_dear_hume_012	51	6.081	keep	C:\Repositories\GakumasuVoice\output\rinha\items\keep\……花海佑芽さん。_私、あなたのファンなの。.wav	C:\Repositories\GakumasuVoice\output\rinha\items\keep\……花海佑芽さん。_私、あなたのファンなの。.json	/data/data/com.bandainamcoent.idolmaster_gakuen/files/octo/v1/400/7/52363537/e1c4a6049c42ac49d345da9ed963a5b8	327	328	/data/data/com.bandainamcoent.idolmaster_gakuen/files/octo/v1/400/4/523132323834/a9a3c961e4c89f9b47eacb5f05e5a54f
182	燐羽	いまにも泣き出しそうだったあなたを、\n慰めに来たんだけど。	sud_vo_adv_dear_hume_012_krnh-004	sud_vo_adv_dear_hume_012	52	4.500	keep	C:\Repositories\GakumasuVoice\output\rinha\items\keep\いまにも泣き出しそうだったあなたを、_慰めに来たんだけど。.wav	C:\Repositories\GakumasuVoice\output\rinha\items\keep\いまにも泣き出しそうだったあなたを、_慰めに来たんだけど。.json	/data/data/com.bandainamcoent.idolmaster_gakuen/files/octo/v1/400/7/52363537/e1c4a6049c42ac49d345da9ed963a5b8	339	340	/data/data/com.bandainamcoent.idolmaster_gakuen/files/octo/v1/400/4/523132323834/a9a3c961e4c89f9b47eacb5f05e5a54f
183	燐羽	必要なかったみたいね？	sud_vo_adv_dear_hume_012_krnh-005	sud_vo_adv_dear_hume_012	53	2.063	reject	C:\Repositories\GakumasuVoice\output\rinha\items\reject\必要なかったみたいね？.wav	C:\Repositories\GakumasuVoice\output\rinha\items\reject\必要なかったみたいね？.json	/data/data/com.bandainamcoent.idolmaster_gakuen/files/octo/v1/400/7/52363537/e1c4a6049c42ac49d345da9ed963a5b8	341	342	/data/data/com.bandainamcoent.idolmaster_gakuen/files/octo/v1/400/4/523132323834/a9a3c961e4c89f9b47eacb5f05e5a54f
184	燐羽	あら、私、この後のオーディションには\nもう出ないわよ？	sud_vo_adv_dear_hume_012_krnh-006	sud_vo_adv_dear_hume_012	54	4.473	keep	C:\Repositories\GakumasuVoice\output\rinha\items\keep\あら、私、この後のオーディションには_もう出ないわよ？.wav	C:\Repositories\GakumasuVoice\output\rinha\items\keep\あら、私、この後のオーディションには_もう出ないわよ？.json	/data/data/com.bandainamcoent.idolmaster_gakuen/files/octo/v1/400/7/52363537/e1c4a6049c42ac49d345da9ed963a5b8	357	358	/data/data/com.bandainamcoent.idolmaster_gakuen/files/octo/v1/400/4/523132323834/a9a3c961e4c89f9b47eacb5f05e5a54f
185	燐羽	契約分は働いたもの。\n今回の仕事は、これでおしまい。	sud_vo_adv_dear_hume_012_krnh-007	sud_vo_adv_dear_hume_012	55	5.767	keep	C:\Repositories\GakumasuVoice\output\rinha\items\keep\契約分は働いたもの。_今回の仕事は、これでおしまい。.wav	C:\Repositories\GakumasuVoice\output\rinha\items\keep\契約分は働いたもの。_今回の仕事は、これでおしまい。.json	/data/data/com.bandainamcoent.idolmaster_gakuen/files/octo/v1/400/7/52363537/e1c4a6049c42ac49d345da9ed963a5b8	369	370	/data/data/com.bandainamcoent.idolmaster_gakuen/files/octo/v1/400/4/523132323834/a9a3c961e4c89f9b47eacb5f05e5a54f
186	燐羽	……なぁに？　そんなに睨んで。\n怖いじゃない。	sud_vo_adv_dear_hume_012_krnh-008	sud_vo_adv_dear_hume_012	56	4.796	keep	C:\Repositories\GakumasuVoice\output\rinha\items\keep\……なぁに？_そんなに睨んで。_怖いじゃない。.wav	C:\Repositories\GakumasuVoice\output\rinha\items\keep\……なぁに？_そんなに睨んで。_怖いじゃない。.json	/data/data/com.bandainamcoent.idolmaster_gakuen/files/octo/v1/400/7/52363537/e1c4a6049c42ac49d345da9ed963a5b8	377	378	/data/data/com.bandainamcoent.idolmaster_gakuen/files/octo/v1/400/4/523132323834/a9a3c961e4c89f9b47eacb5f05e5a54f
187	燐羽	嫌いなのよね……あなたみたいなの。	sud_vo_adv_dear_hume_012_krnh-009	sud_vo_adv_dear_hume_012	57	3.564	keep	C:\Repositories\GakumasuVoice\output\rinha\items\keep\嫌いなのよね……あなたみたいなの。.wav	C:\Repositories\GakumasuVoice\output\rinha\items\keep\嫌いなのよね……あなたみたいなの。.json	/data/data/com.bandainamcoent.idolmaster_gakuen/files/octo/v1/400/7/52363537/e1c4a6049c42ac49d345da9ed963a5b8	388	389	/data/data/com.bandainamcoent.idolmaster_gakuen/files/octo/v1/400/4/523132323834/a9a3c961e4c89f9b47eacb5f05e5a54f
188	燐羽	たいした才能もないくせに、\n無責任なこと言わないでくれる？	sud_vo_adv_dear_hume_012_krnh-010	sud_vo_adv_dear_hume_012	58	5.967	keep	C:\Repositories\GakumasuVoice\output\rinha\items\keep\たいした才能もないくせに、_無責任なこと言わないでくれる？-2.wav	C:\Repositories\GakumasuVoice\output\rinha\items\keep\たいした才能もないくせに、_無責任なこと言わないでくれる？-2.json	/data/data/com.bandainamcoent.idolmaster_gakuen/files/octo/v1/400/7/52363537/e1c4a6049c42ac49d345da9ed963a5b8	390	391	/data/data/com.bandainamcoent.idolmaster_gakuen/files/octo/v1/400/4/523132323834/a9a3c961e4c89f9b47eacb5f05e5a54f
189	燐羽	……そ。	sud_vo_adv_dear_hume_012_krnh-011	sud_vo_adv_dear_hume_012	59	0.649	reject	C:\Repositories\GakumasuVoice\output\rinha\items\reject\……そ。.wav	C:\Repositories\GakumasuVoice\output\rinha\items\reject\……そ。.json	/data/data/com.bandainamcoent.idolmaster_gakuen/files/octo/v1/400/7/52363537/e1c4a6049c42ac49d345da9ed963a5b8	413	414	/data/data/com.bandainamcoent.idolmaster_gakuen/files/octo/v1/400/4/523132323834/a9a3c961e4c89f9b47eacb5f05e5a54f
190	燐羽	気が変わった。少しだけ、\nあなたたちと遊んであげる。	sud_vo_adv_dear_hume_012_krnh-012	sud_vo_adv_dear_hume_012	60	7.117	keep	C:\Repositories\GakumasuVoice\output\rinha\items\keep\気が変わった。少しだけ、_あなたたちと遊んであげる。.wav	C:\Repositories\GakumasuVoice\output\rinha\items\keep\気が変わった。少しだけ、_あなたたちと遊んであげる。.json	/data/data/com.bandainamcoent.idolmaster_gakuen/files/octo/v1/400/7/52363537/e1c4a6049c42ac49d345da9ed963a5b8	425	426	/data/data/com.bandainamcoent.idolmaster_gakuen/files/octo/v1/400/4/523132323834/a9a3c961e4c89f9b47eacb5f05e5a54f
191	燐羽	――――――………………………………	sud_vo_adv_dear_hume_012_krnh-013	sud_vo_adv_dear_hume_012	61	1.834	reject	C:\Repositories\GakumasuVoice\output\rinha\items\reject\――――――……………………………….wav	C:\Repositories\GakumasuVoice\output\rinha\items\reject\――――――……………………………….json	/data/data/com.bandainamcoent.idolmaster_gakuen/files/octo/v1/400/7/52363537/e1c4a6049c42ac49d345da9ed963a5b8	431	432	/data/data/com.bandainamcoent.idolmaster_gakuen/files/octo/v1/400/4/523132323834/a9a3c961e4c89f9b47eacb5f05e5a54f
192	燐羽	じゃ、またね、佑芽。	sud_vo_adv_dear_hume_012_krnh-014	sud_vo_adv_dear_hume_012	62	2.641	reject	C:\Repositories\GakumasuVoice\output\rinha\items\reject\じゃ、またね、佑芽。.wav	C:\Repositories\GakumasuVoice\output\rinha\items\reject\じゃ、またね、佑芽。.json	/data/data/com.bandainamcoent.idolmaster_gakuen/files/octo/v1/400/7/52363537/e1c4a6049c42ac49d345da9ed963a5b8	448	449	/data/data/com.bandainamcoent.idolmaster_gakuen/files/octo/v1/400/4/523132323834/a9a3c961e4c89f9b47eacb5f05e5a54f
193	燐羽	……なぁんだ。	sud_vo_adv_dear_ttmr_016_krnh-001	sud_vo_adv_dear_ttmr_016	1	1.200	reject	C:\Repositories\GakumasuVoice\output\rinha\items\reject\……なぁんだ。.wav	C:\Repositories\GakumasuVoice\output\rinha\items\reject\……なぁんだ。.json	/data/data/com.bandainamcoent.idolmaster_gakuen/files/octo/v1/400/9/5231303339/607c52562bf329f18f0db7b0c733b455	16	17	/data/data/com.bandainamcoent.idolmaster_gakuen/files/octo/v1/400/5/523130313835/9ace35116b5a4caec9006051f58c396e
194	燐羽	あなた、ひとりで歌えるじゃない。	sud_vo_adv_dear_ttmr_016_krnh-002	sud_vo_adv_dear_ttmr_016	2	2.378	reject	C:\Repositories\GakumasuVoice\output\rinha\items\reject\あなた、ひとりで歌えるじゃない。.wav	C:\Repositories\GakumasuVoice\output\rinha\items\reject\あなた、ひとりで歌えるじゃない。.json	/data/data/com.bandainamcoent.idolmaster_gakuen/files/octo/v1/400/9/5231303339/607c52562bf329f18f0db7b0c733b455	18	19	/data/data/com.bandainamcoent.idolmaster_gakuen/files/octo/v1/400/5/523130313835/9ace35116b5a4caec9006051f58c396e
195	燐羽	息切れせずに、歌い切れるように、\nなったじゃない。	sud_vo_adv_dear_ttmr_016_krnh-003	sud_vo_adv_dear_ttmr_016	3	4.302	keep	C:\Repositories\GakumasuVoice\output\rinha\items\keep\息切れせずに、歌い切れるように、_なったじゃない。.wav	C:\Repositories\GakumasuVoice\output\rinha\items\keep\息切れせずに、歌い切れるように、_なったじゃない。.json	/data/data/com.bandainamcoent.idolmaster_gakuen/files/octo/v1/400/9/5231303339/607c52562bf329f18f0db7b0c733b455	20	21	/data/data/com.bandainamcoent.idolmaster_gakuen/files/octo/v1/400/5/523130313835/9ace35116b5a4caec9006051f58c396e
196	燐羽	そ。	sud_vo_adv_dear_ttmr_016_krnh-004	sud_vo_adv_dear_ttmr_016	4	0.637	reject	C:\Repositories\GakumasuVoice\output\rinha\items\reject\そ。.wav	C:\Repositories\GakumasuVoice\output\rinha\items\reject\そ。.json	/data/data/com.bandainamcoent.idolmaster_gakuen/files/octo/v1/400/9/5231303339/607c52562bf329f18f0db7b0c733b455	30	31	/data/data/com.bandainamcoent.idolmaster_gakuen/files/octo/v1/400/5/523130313835/9ace35116b5a4caec9006051f58c396e
197	燐羽	手毬のくせに生意気よ。歌……\nあんなにヘタクソだったくせに。	sud_vo_adv_dear_ttmr_016_krnh-005	sud_vo_adv_dear_ttmr_016	5	7.124	keep	C:\Repositories\GakumasuVoice\output\rinha\items\keep\手毬のくせに生意気よ。歌……_あんなにヘタクソだったくせに。.wav	C:\Repositories\GakumasuVoice\output\rinha\items\keep\手毬のくせに生意気よ。歌……_あんなにヘタクソだったくせに。.json	/data/data/com.bandainamcoent.idolmaster_gakuen/files/octo/v1/400/9/5231303339/607c52562bf329f18f0db7b0c733b455	34	35	/data/data/com.bandainamcoent.idolmaster_gakuen/files/octo/v1/400/5/523130313835/9ace35116b5a4caec9006051f58c396e
198	燐羽	……ふふ。せいぜい、\nいいアイドルになりなさい――	sud_vo_adv_dear_ttmr_016_krnh-006	sud_vo_adv_dear_ttmr_016	6	4.412	keep	C:\Repositories\GakumasuVoice\output\rinha\items\keep\……ふふ。せいぜい、_いいアイドルになりなさい――.wav	C:\Repositories\GakumasuVoice\output\rinha\items\keep\……ふふ。せいぜい、_いいアイドルになりなさい――.json	/data/data/com.bandainamcoent.idolmaster_gakuen/files/octo/v1/400/9/5231303339/607c52562bf329f18f0db7b0c733b455	39	40	/data/data/com.bandainamcoent.idolmaster_gakuen/files/octo/v1/400/5/523130313835/9ace35116b5a4caec9006051f58c396e
199	燐羽	バカになんてしてないわ。\n――あれがいまの精一杯。	sud_vo_adv_dear_ttmr_016_krnh-007	sud_vo_adv_dear_ttmr_016	7	5.397	keep	C:\Repositories\GakumasuVoice\output\rinha\items\keep\バカになんてしてないわ。_――あれがいまの精一杯。.wav	C:\Repositories\GakumasuVoice\output\rinha\items\keep\バカになんてしてないわ。_――あれがいまの精一杯。.json	/data/data/com.bandainamcoent.idolmaster_gakuen/files/octo/v1/400/9/5231303339/607c52562bf329f18f0db7b0c733b455	64	65	/data/data/com.bandainamcoent.idolmaster_gakuen/files/octo/v1/400/5/523130313835/9ace35116b5a4caec9006051f58c396e
200	燐羽	それはそうでしょう。	sud_vo_adv_dear_ttmr_016_krnh-008	sud_vo_adv_dear_ttmr_016	8	1.917	reject	C:\Repositories\GakumasuVoice\output\rinha\items\reject\それはそうでしょう。.wav	C:\Repositories\GakumasuVoice\output\rinha\items\reject\それはそうでしょう。.json	/data/data/com.bandainamcoent.idolmaster_gakuen/files/octo/v1/400/9/5231303339/607c52562bf329f18f0db7b0c733b455	99	100	/data/data/com.bandainamcoent.idolmaster_gakuen/files/octo/v1/400/5/523130313835/9ace35116b5a4caec9006051f58c396e
201	燐羽	だって私、もうアイドルじゃないもの。	sud_vo_adv_dear_ttmr_016_krnh-009	sud_vo_adv_dear_ttmr_016	9	3.984	keep	C:\Repositories\GakumasuVoice\output\rinha\items\keep\だって私、もうアイドルじゃないもの。.wav	C:\Repositories\GakumasuVoice\output\rinha\items\keep\だって私、もうアイドルじゃないもの。.json	/data/data/com.bandainamcoent.idolmaster_gakuen/files/octo/v1/400/9/5231303339/607c52562bf329f18f0db7b0c733b455	101	104	/data/data/com.bandainamcoent.idolmaster_gakuen/files/octo/v1/400/5/523130313835/9ace35116b5a4caec9006051f58c396e
202	燐羽	私の夢は、とっくに終わってるの。	sud_vo_adv_dear_ttmr_016_krnh-010	sud_vo_adv_dear_ttmr_016	10	3.332	keep	C:\Repositories\GakumasuVoice\output\rinha\items\keep\私の夢は、とっくに終わってるの。.wav	C:\Repositories\GakumasuVoice\output\rinha\items\keep\私の夢は、とっくに終わってるの。.json	/data/data/com.bandainamcoent.idolmaster_gakuen/files/octo/v1/400/9/5231303339/607c52562bf329f18f0db7b0c733b455	112	115	/data/data/com.bandainamcoent.idolmaster_gakuen/files/octo/v1/400/5/523130313835/9ace35116b5a4caec9006051f58c396e
203	燐羽	あなたたちとの『約束』を果たして。\nあとはもう、引退するだけだった。	sud_vo_adv_dear_ttmr_016_krnh-011	sud_vo_adv_dear_ttmr_016	11	6.338	keep	C:\Repositories\GakumasuVoice\output\rinha\items\keep\あなたたちとの『約束』を果たして。_あとはもう、引退するだけだった。.wav	C:\Repositories\GakumasuVoice\output\rinha\items\keep\あなたたちとの『約束』を果たして。_あとはもう、引退するだけだった。.json	/data/data/com.bandainamcoent.idolmaster_gakuen/files/octo/v1/400/9/5231303339/607c52562bf329f18f0db7b0c733b455	116	117	/data/data/com.bandainamcoent.idolmaster_gakuen/files/octo/v1/400/5/523130313835/9ace35116b5a4caec9006051f58c396e
204	燐羽	内部進学して特待生になったのは……\n十王社長に引き留められたから。	sud_vo_adv_dear_ttmr_016_krnh-012	sud_vo_adv_dear_ttmr_016	12	6.208	keep	C:\Repositories\GakumasuVoice\output\rinha\items\keep\内部進学して特待生になったのは……_十王社長に引き留められたから。.wav	C:\Repositories\GakumasuVoice\output\rinha\items\keep\内部進学して特待生になったのは……_十王社長に引き留められたから。.json	/data/data/com.bandainamcoent.idolmaster_gakuen/files/octo/v1/400/9/5231303339/607c52562bf329f18f0db7b0c733b455	121	122	/data/data/com.bandainamcoent.idolmaster_gakuen/files/octo/v1/400/5/523130313835/9ace35116b5a4caec9006051f58c396e
205	燐羽	1つだけ……心残りがあってね。	sud_vo_adv_dear_ttmr_016_krnh-013	sud_vo_adv_dear_ttmr_016	13	4.023	keep	C:\Repositories\GakumasuVoice\output\rinha\items\keep\1つだけ……心残りがあってね。.wav	C:\Repositories\GakumasuVoice\output\rinha\items\keep\1つだけ……心残りがあってね。.json	/data/data/com.bandainamcoent.idolmaster_gakuen/files/octo/v1/400/9/5231303339/607c52562bf329f18f0db7b0c733b455	123	124	/data/data/com.bandainamcoent.idolmaster_gakuen/files/octo/v1/400/5/523130313835/9ace35116b5a4caec9006051f58c396e
206	燐羽	……私を慕ってくれるあの子たちと、\nきちんとお別れをしたかった。	sud_vo_adv_dear_ttmr_016_krnh-014	sud_vo_adv_dear_ttmr_016	14	8.356	keep	C:\Repositories\GakumasuVoice\output\rinha\items\keep\……私を慕ってくれるあの子たちと、_きちんとお別れをしたかった。.wav	C:\Repositories\GakumasuVoice\output\rinha\items\keep\……私を慕ってくれるあの子たちと、_きちんとお別れをしたかった。.json	/data/data/com.bandainamcoent.idolmaster_gakuen/files/octo/v1/400/9/5231303339/607c52562bf329f18f0db7b0c733b455	143	144	/data/data/com.bandainamcoent.idolmaster_gakuen/files/octo/v1/400/5/523130313835/9ace35116b5a4caec9006051f58c396e
207	燐羽	一度ライブをさせてもらえたら……\nそれで終わりにできたんだけど。	sud_vo_adv_dear_ttmr_016_krnh-015	sud_vo_adv_dear_ttmr_016	15	5.142	keep	C:\Repositories\GakumasuVoice\output\rinha\items\keep\一度ライブをさせてもらえたら……_それで終わりにできたんだけど。.wav	C:\Repositories\GakumasuVoice\output\rinha\items\keep\一度ライブをさせてもらえたら……_それで終わりにできたんだけど。.json	/data/data/com.bandainamcoent.idolmaster_gakuen/files/octo/v1/400/9/5231303339/607c52562bf329f18f0db7b0c733b455	147	148	/data/data/com.bandainamcoent.idolmaster_gakuen/files/octo/v1/400/5/523130313835/9ace35116b5a4caec9006051f58c396e
208	燐羽	十王社長は、どうしても私にアイドルを\n続けさせたかったみたい。	sud_vo_adv_dear_ttmr_016_krnh-016	sud_vo_adv_dear_ttmr_016	16	5.887	keep	C:\Repositories\GakumasuVoice\output\rinha\items\keep\十王社長は、どうしても私にアイドルを_続けさせたかったみたい。.wav	C:\Repositories\GakumasuVoice\output\rinha\items\keep\十王社長は、どうしても私にアイドルを_続けさせたかったみたい。.json	/data/data/com.bandainamcoent.idolmaster_gakuen/files/octo/v1/400/9/5231303339/607c52562bf329f18f0db7b0c733b455	149	150	/data/data/com.bandainamcoent.idolmaster_gakuen/files/octo/v1/400/5/523130313835/9ace35116b5a4caec9006051f58c396e
209	燐羽	引退ライブすらさせてもらえず、\n宙ぶらりんのまま数ヶ月が過ぎて……	sud_vo_adv_dear_ttmr_016_krnh-017	sud_vo_adv_dear_ttmr_016	17	6.021	keep	C:\Repositories\GakumasuVoice\output\rinha\items\keep\引退ライブすらさせてもらえず、_宙ぶらりんのまま数ヶ月が過ぎて…….wav	C:\Repositories\GakumasuVoice\output\rinha\items\keep\引退ライブすらさせてもらえず、_宙ぶらりんのまま数ヶ月が過ぎて…….json	/data/data/com.bandainamcoent.idolmaster_gakuen/files/octo/v1/400/9/5231303339/607c52562bf329f18f0db7b0c733b455	153	154	/data/data/com.bandainamcoent.idolmaster_gakuen/files/octo/v1/400/5/523130313835/9ace35116b5a4caec9006051f58c396e
210	燐羽	そんなとき、声を掛けられたの。\n――黒井さんに。	sud_vo_adv_dear_ttmr_016_krnh-018	sud_vo_adv_dear_ttmr_016	18	4.615	keep	C:\Repositories\GakumasuVoice\output\rinha\items\keep\そんなとき、声を掛けられたの。_――黒井さんに。.wav	C:\Repositories\GakumasuVoice\output\rinha\items\keep\そんなとき、声を掛けられたの。_――黒井さんに。.json	/data/data/com.bandainamcoent.idolmaster_gakuen/files/octo/v1/400/9/5231303339/607c52562bf329f18f0db7b0c733b455	155	156	/data/data/com.bandainamcoent.idolmaster_gakuen/files/octo/v1/400/5/523130313835/9ace35116b5a4caec9006051f58c396e
211	燐羽	アイドルとしての終活を、\n手伝ってやろうって。	sud_vo_adv_dear_ttmr_016_krnh-019	sud_vo_adv_dear_ttmr_016	19	4.005	keep	C:\Repositories\GakumasuVoice\output\rinha\items\keep\アイドルとしての終活を、_手伝ってやろうって。.wav	C:\Repositories\GakumasuVoice\output\rinha\items\keep\アイドルとしての終活を、_手伝ってやろうって。.json	/data/data/com.bandainamcoent.idolmaster_gakuen/files/octo/v1/400/9/5231303339/607c52562bf329f18f0db7b0c733b455	162	163	/data/data/com.bandainamcoent.idolmaster_gakuen/files/octo/v1/400/5/523130313835/9ace35116b5a4caec9006051f58c396e
212	燐羽	私の目的は、極月学園のサポートを\nすることと……もう1つ。	sud_vo_adv_dear_ttmr_016_krnh-020	sud_vo_adv_dear_ttmr_016	20	7.226	keep	C:\Repositories\GakumasuVoice\output\rinha\items\keep\私の目的は、極月学園のサポートを_することと……もう1つ。.wav	C:\Repositories\GakumasuVoice\output\rinha\items\keep\私の目的は、極月学園のサポートを_することと……もう1つ。.json	/data/data/com.bandainamcoent.idolmaster_gakuen/files/octo/v1/400/9/5231303339/607c52562bf329f18f0db7b0c733b455	171	172	/data/data/com.bandainamcoent.idolmaster_gakuen/files/octo/v1/400/5/523130313835/9ace35116b5a4caec9006051f58c396e
213	燐羽	ファンを……あの子たちを、\n誰かに託したかった。	sud_vo_adv_dear_ttmr_016_krnh-021	sud_vo_adv_dear_ttmr_016	21	5.478	keep	C:\Repositories\GakumasuVoice\output\rinha\items\keep\ファンを……あの子たちを、_誰かに託したかった。.wav	C:\Repositories\GakumasuVoice\output\rinha\items\keep\ファンを……あの子たちを、_誰かに託したかった。.json	/data/data/com.bandainamcoent.idolmaster_gakuen/files/octo/v1/400/9/5231303339/607c52562bf329f18f0db7b0c733b455	173	174	/data/data/com.bandainamcoent.idolmaster_gakuen/files/octo/v1/400/5/523130313835/9ace35116b5a4caec9006051f58c396e
214	燐羽	ファンを奪い合う『N.I.A』の\nシステムは、うってつけだったわ。	sud_vo_adv_dear_ttmr_016_krnh-022	sud_vo_adv_dear_ttmr_016	22	4.640	keep	C:\Repositories\GakumasuVoice\output\rinha\items\keep\ファンを奪い合う『N.I.A』の_システムは、うってつけだったわ。.wav	C:\Repositories\GakumasuVoice\output\rinha\items\keep\ファンを奪い合う『N.I.A』の_システムは、うってつけだったわ。.json	/data/data/com.bandainamcoent.idolmaster_gakuen/files/octo/v1/400/9/5231303339/607c52562bf329f18f0db7b0c733b455	177	178	/data/data/com.bandainamcoent.idolmaster_gakuen/files/octo/v1/400/5/523130313835/9ace35116b5a4caec9006051f58c396e
215	燐羽	そうかしら？　あなただって……	sud_vo_adv_dear_ttmr_016_krnh-023	sud_vo_adv_dear_ttmr_016	23	3.542	keep	C:\Repositories\GakumasuVoice\output\rinha\items\keep\そうかしら？_あなただって…….wav	C:\Repositories\GakumasuVoice\output\rinha\items\keep\そうかしら？_あなただって…….json	/data/data/com.bandainamcoent.idolmaster_gakuen/files/octo/v1/400/9/5231303339/607c52562bf329f18f0db7b0c733b455	196	197	/data/data/com.bandainamcoent.idolmaster_gakuen/files/octo/v1/400/5/523130313835/9ace35116b5a4caec9006051f58c396e
216	燐羽	憧れのアイドルが引退したら――\nあっさり似た人に鞍替えしたじゃない。	sud_vo_adv_dear_ttmr_016_krnh-024	sud_vo_adv_dear_ttmr_016	24	5.925	keep	C:\Repositories\GakumasuVoice\output\rinha\items\keep\憧れのアイドルが引退したら――_あっさり似た人に鞍替えしたじゃない。.wav	C:\Repositories\GakumasuVoice\output\rinha\items\keep\憧れのアイドルが引退したら――_あっさり似た人に鞍替えしたじゃない。.json	/data/data/com.bandainamcoent.idolmaster_gakuen/files/octo/v1/400/9/5231303339/607c52562bf329f18f0db7b0c733b455	203	204	/data/data/com.bandainamcoent.idolmaster_gakuen/files/octo/v1/400/5/523130313835/9ace35116b5a4caec9006051f58c396e
217	燐羽	いまは賀陽燐羽こそが、\nあなたの憧れのアイドルなんでしょ？	sud_vo_adv_dear_ttmr_016_krnh-025	sud_vo_adv_dear_ttmr_016	25	5.253	keep	C:\Repositories\GakumasuVoice\output\rinha\items\keep\いまは賀陽燐羽こそが、_あなたの憧れのアイドルなんでしょ？.wav	C:\Repositories\GakumasuVoice\output\rinha\items\keep\いまは賀陽燐羽こそが、_あなたの憧れのアイドルなんでしょ？.json	/data/data/com.bandainamcoent.idolmaster_gakuen/files/octo/v1/400/9/5231303339/607c52562bf329f18f0db7b0c733b455	209	210	/data/data/com.bandainamcoent.idolmaster_gakuen/files/octo/v1/400/5/523130313835/9ace35116b5a4caec9006051f58c396e
218	燐羽	……えっ？　あっ、あなたまさか……	sud_vo_adv_dear_ttmr_016_krnh-026	sud_vo_adv_dear_ttmr_016	26	3.694	keep	C:\Repositories\GakumasuVoice\output\rinha\items\keep\……えっ？_あっ、あなたまさか…….wav	C:\Repositories\GakumasuVoice\output\rinha\items\keep\……えっ？_あっ、あなたまさか…….json	/data/data/com.bandainamcoent.idolmaster_gakuen/files/octo/v1/400/9/5231303339/607c52562bf329f18f0db7b0c733b455	265	266	/data/data/com.bandainamcoent.idolmaster_gakuen/files/octo/v1/400/5/523130313835/9ace35116b5a4caec9006051f58c396e
219	燐羽	お、おバカ！？　\n人が集まってきちゃ……	sud_vo_adv_dear_ttmr_016_krnh-027	sud_vo_adv_dear_ttmr_016	27	2.959	reject	C:\Repositories\GakumasuVoice\output\rinha\items\reject\お、おバカ！？__人が集まってきちゃ…….wav	C:\Repositories\GakumasuVoice\output\rinha\items\reject\お、おバカ！？__人が集まってきちゃ…….json	/data/data/com.bandainamcoent.idolmaster_gakuen/files/octo/v1/400/9/5231303339/607c52562bf329f18f0db7b0c733b455	313	314	/data/data/com.bandainamcoent.idolmaster_gakuen/files/octo/v1/400/5/523130313835/9ace35116b5a4caec9006051f58c396e
220	燐羽	く……っ……いつもいつも\nいつもいつも……あなたって子は……	sud_vo_adv_dear_ttmr_016_krnh-028	sud_vo_adv_dear_ttmr_016	28	5.693	keep	C:\Repositories\GakumasuVoice\output\rinha\items\keep\く……っ……いつもいつも_いつもいつも……あなたって子は…….wav	C:\Repositories\GakumasuVoice\output\rinha\items\keep\く……っ……いつもいつも_いつもいつも……あなたって子は…….json	/data/data/com.bandainamcoent.idolmaster_gakuen/files/octo/v1/400/9/5231303339/607c52562bf329f18f0db7b0c733b455	325	327	/data/data/com.bandainamcoent.idolmaster_gakuen/files/octo/v1/400/5/523130313835/9ace35116b5a4caec9006051f58c396e
221	燐羽	そうやって泣けば……\n私が言うことを聞くと思って……	sud_vo_adv_dear_ttmr_016_krnh-029	sud_vo_adv_dear_ttmr_016	29	5.000	keep	C:\Repositories\GakumasuVoice\output\rinha\items\keep\そうやって泣けば……_私が言うことを聞くと思って…….wav	C:\Repositories\GakumasuVoice\output\rinha\items\keep\そうやって泣けば……_私が言うことを聞くと思って…….json	/data/data/com.bandainamcoent.idolmaster_gakuen/files/octo/v1/400/9/5231303339/607c52562bf329f18f0db7b0c733b455	328	330	/data/data/com.bandainamcoent.idolmaster_gakuen/files/octo/v1/400/5/523130313835/9ace35116b5a4caec9006051f58c396e
222	燐羽	い、いい加減にしてくれる！？	sud_vo_adv_dear_ttmr_016_krnh-030	sud_vo_adv_dear_ttmr_016	30	2.928	reject	C:\Repositories\GakumasuVoice\output\rinha\items\reject\い、いい加減にしてくれる！？.wav	C:\Repositories\GakumasuVoice\output\rinha\items\reject\い、いい加減にしてくれる！？.json	/data/data/com.bandainamcoent.idolmaster_gakuen/files/octo/v1/400/9/5231303339/607c52562bf329f18f0db7b0c733b455	333	334	/data/data/com.bandainamcoent.idolmaster_gakuen/files/octo/v1/400/5/523130313835/9ace35116b5a4caec9006051f58c396e
223	燐羽	………………………………………………	sud_vo_adv_dear_ttmr_016_krnh-031	sud_vo_adv_dear_ttmr_016	31	1.277	reject	C:\Repositories\GakumasuVoice\output\rinha\items\reject\……………………………………………….wav	C:\Repositories\GakumasuVoice\output\rinha\items\reject\……………………………………………….json	/data/data/com.bandainamcoent.idolmaster_gakuen/files/octo/v1/400/9/5231303339/607c52562bf329f18f0db7b0c733b455	358	359	/data/data/com.bandainamcoent.idolmaster_gakuen/files/octo/v1/400/5/523130313835/9ace35116b5a4caec9006051f58c396e
224	燐羽	――――――は？	sud_vo_adv_dear_ttmr_016_krnh-032	sud_vo_adv_dear_ttmr_016	32	0.740	reject	C:\Repositories\GakumasuVoice\output\rinha\items\reject\――――――は？.wav	C:\Repositories\GakumasuVoice\output\rinha\items\reject\――――――は？.json	/data/data/com.bandainamcoent.idolmaster_gakuen/files/octo/v1/400/9/5231303339/607c52562bf329f18f0db7b0c733b455	378	379	/data/data/com.bandainamcoent.idolmaster_gakuen/files/octo/v1/400/5/523130313835/9ace35116b5a4caec9006051f58c396e
225	燐羽	ちょ、ちょっと待ちなさい！　\nいま、なんて言ったの！？	sud_vo_adv_dear_ttmr_016_krnh-033	sud_vo_adv_dear_ttmr_016	33	4.160	keep	C:\Repositories\GakumasuVoice\output\rinha\items\keep\ちょ、ちょっと待ちなさい！__いま、なんて言ったの！？.wav	C:\Repositories\GakumasuVoice\output\rinha\items\keep\ちょ、ちょっと待ちなさい！__いま、なんて言ったの！？.json	/data/data/com.bandainamcoent.idolmaster_gakuen/files/octo/v1/400/9/5231303339/607c52562bf329f18f0db7b0c733b455	385	386	/data/data/com.bandainamcoent.idolmaster_gakuen/files/octo/v1/400/5/523130313835/9ace35116b5a4caec9006051f58c396e
226	燐羽	その前よ！　賀陽燐羽が……\n……月村手毬の、なんですって？	sud_vo_adv_dear_ttmr_016_krnh-034	sud_vo_adv_dear_ttmr_016	34	6.126	keep	C:\Repositories\GakumasuVoice\output\rinha\items\keep\その前よ！_賀陽燐羽が……_……月村手毬の、なんですって？.wav	C:\Repositories\GakumasuVoice\output\rinha\items\keep\その前よ！_賀陽燐羽が……_……月村手毬の、なんですって？.json	/data/data/com.bandainamcoent.idolmaster_gakuen/files/octo/v1/400/9/5231303339/607c52562bf329f18f0db7b0c733b455	395	396	/data/data/com.bandainamcoent.idolmaster_gakuen/files/octo/v1/400/5/523130313835/9ace35116b5a4caec9006051f58c396e
227	燐羽	――――――――――――――――――	sud_vo_adv_dear_ttmr_016_krnh-035	sud_vo_adv_dear_ttmr_016	35	1.881	reject	C:\Repositories\GakumasuVoice\output\rinha\items\reject\――――――――――――――――――.wav	C:\Repositories\GakumasuVoice\output\rinha\items\reject\――――――――――――――――――.json	/data/data/com.bandainamcoent.idolmaster_gakuen/files/octo/v1/400/9/5231303339/607c52562bf329f18f0db7b0c733b455	409	410	/data/data/com.bandainamcoent.idolmaster_gakuen/files/octo/v1/400/5/523130313835/9ace35116b5a4caec9006051f58c396e
228	燐羽	ばか手毬……っ。	sud_vo_adv_dear_ttmr_016_krnh-036	sud_vo_adv_dear_ttmr_016	36	5.094	keep	C:\Repositories\GakumasuVoice\output\rinha\items\keep\ばか手毬……っ。.wav	C:\Repositories\GakumasuVoice\output\rinha\items\keep\ばか手毬……っ。.json	/data/data/com.bandainamcoent.idolmaster_gakuen/files/octo/v1/400/9/5231303339/607c52562bf329f18f0db7b0c733b455	419	420	/data/data/com.bandainamcoent.idolmaster_gakuen/files/octo/v1/400/5/523130313835/9ace35116b5a4caec9006051f58c396e
229	燐羽	あなたなんか……大っ嫌い。	sud_vo_adv_dear_ttmr_016_krnh-037	sud_vo_adv_dear_ttmr_016	37	3.764	keep	C:\Repositories\GakumasuVoice\output\rinha\items\keep\あなたなんか……大っ嫌い。.wav	C:\Repositories\GakumasuVoice\output\rinha\items\keep\あなたなんか……大っ嫌い。.json	/data/data/com.bandainamcoent.idolmaster_gakuen/files/octo/v1/400/9/5231303339/607c52562bf329f18f0db7b0c733b455	423	425	/data/data/com.bandainamcoent.idolmaster_gakuen/files/octo/v1/400/5/523130313835/9ace35116b5a4caec9006051f58c396e
230	燐羽	いまのって咲季お姉ちゃんの新曲？	sud_vo_adv_cidol-hski-3-017_03_krnh-001	sud_vo_adv_cidol-hski-3-017_03	34	2.547	reject	C:\Repositories\GakumasuVoice\output\rinha\items\reject\いまのって咲季お姉ちゃんの新曲？.wav	C:\Repositories\GakumasuVoice\output\rinha\items\reject\いまのって咲季お姉ちゃんの新曲？.json	/data/data/com.bandainamcoent.idolmaster_gakuen/files/octo/v1/400/9/5235373239/22e08396fb24c3796f4e8ff9dc44da35	32	33	/data/data/com.bandainamcoent.idolmaster_gakuen/files/octo/v1/400/7/523131313237/251bf4f2f017b08e4f31251feed93867
231	燐羽	わざわざ自分に合わせた楽曲を\n作り直してもらわなくても、	sud_vo_adv_cidol-hski-3-017_03_krnh-002	sud_vo_adv_cidol-hski-3-017_03	35	5.000	keep	C:\Repositories\GakumasuVoice\output\rinha\items\keep\わざわざ自分に合わせた楽曲を_作り直してもらわなくても、.wav	C:\Repositories\GakumasuVoice\output\rinha\items\keep\わざわざ自分に合わせた楽曲を_作り直してもらわなくても、.json	/data/data/com.bandainamcoent.idolmaster_gakuen/files/octo/v1/400/9/5235373239/22e08396fb24c3796f4e8ff9dc44da35	91	92	/data/data/com.bandainamcoent.idolmaster_gakuen/files/octo/v1/400/7/523131313237/251bf4f2f017b08e4f31251feed93867
232	燐羽	強引に自分の歌にしちゃえば\nいいだけじゃない？	sud_vo_adv_cidol-hski-3-017_03_krnh-003	sud_vo_adv_cidol-hski-3-017_03	36	3.302	keep	C:\Repositories\GakumasuVoice\output\rinha\items\keep\強引に自分の歌にしちゃえば_いいだけじゃない？.wav	C:\Repositories\GakumasuVoice\output\rinha\items\keep\強引に自分の歌にしちゃえば_いいだけじゃない？.json	/data/data/com.bandainamcoent.idolmaster_gakuen/files/octo/v1/400/9/5235373239/22e08396fb24c3796f4e8ff9dc44da35	100	101	/data/data/com.bandainamcoent.idolmaster_gakuen/files/octo/v1/400/7/523131313237/251bf4f2f017b08e4f31251feed93867
233	燐羽	ちょっと！\nあいつらと一緒にしないでくれる！？	sud_vo_adv_cidol-hski-3-017_03_krnh-004	sud_vo_adv_cidol-hski-3-017_03	37	3.400	keep	C:\Repositories\GakumasuVoice\output\rinha\items\keep\ちょっと！_あいつらと一緒にしないでくれる！？.wav	C:\Repositories\GakumasuVoice\output\rinha\items\keep\ちょっと！_あいつらと一緒にしないでくれる！？.json	/data/data/com.bandainamcoent.idolmaster_gakuen/files/octo/v1/400/9/5235373239/22e08396fb24c3796f4e8ff9dc44da35	124	125	/data/data/com.bandainamcoent.idolmaster_gakuen/files/octo/v1/400/7/523131313237/251bf4f2f017b08e4f31251feed93867
234	燐羽	そうでしょ？　\n既存の楽曲を独占するコツはね……	sud_vo_adv_cidol-hski-3-017_03_krnh-005	sud_vo_adv_cidol-hski-3-017_03	38	5.319	keep	C:\Repositories\GakumasuVoice\output\rinha\items\keep\そうでしょ？__既存の楽曲を独占するコツはね…….wav	C:\Repositories\GakumasuVoice\output\rinha\items\keep\そうでしょ？__既存の楽曲を独占するコツはね…….json	/data/data/com.bandainamcoent.idolmaster_gakuen/files/octo/v1/400/9/5235373239/22e08396fb24c3796f4e8ff9dc44da35	151	152	/data/data/com.bandainamcoent.idolmaster_gakuen/files/octo/v1/400/7/523131313237/251bf4f2f017b08e4f31251feed93867
235	燐羽	二度と私以外のアイドルが歌えなく\nなるように、実力差を思い知らせて\nやること。	sud_vo_adv_cidol-hski-3-017_03_krnh-006	sud_vo_adv_cidol-hski-3-017_03	39	8.128	keep	C:\Repositories\GakumasuVoice\output\rinha\items\keep\二度と私以外のアイドルが歌えなく_なるように、実力差を思い知らせて_やること。.wav	C:\Repositories\GakumasuVoice\output\rinha\items\keep\二度と私以外のアイドルが歌えなく_なるように、実力差を思い知らせて_やること。.json	/data/data/com.bandainamcoent.idolmaster_gakuen/files/octo/v1/400/9/5235373239/22e08396fb24c3796f4e8ff9dc44da35	159	160	/data/data/com.bandainamcoent.idolmaster_gakuen/files/octo/v1/400/7/523131313237/251bf4f2f017b08e4f31251feed93867
236	燐羽	全世界に『コレはもう私のモノだから』\nって刻み付ける感じ。参考になった？	sud_vo_adv_cidol-hski-3-017_03_krnh-007	sud_vo_adv_cidol-hski-3-017_03	40	8.514	keep	C:\Repositories\GakumasuVoice\output\rinha\items\keep\全世界に『コレはもう私のモノだから』_って刻み付ける感じ。参考になった？.wav	C:\Repositories\GakumasuVoice\output\rinha\items\keep\全世界に『コレはもう私のモノだから』_って刻み付ける感じ。参考になった？.json	/data/data/com.bandainamcoent.idolmaster_gakuen/files/octo/v1/400/9/5235373239/22e08396fb24c3796f4e8ff9dc44da35	164	165	/data/data/com.bandainamcoent.idolmaster_gakuen/files/octo/v1/400/7/523131313237/251bf4f2f017b08e4f31251feed93867
237	燐羽	えぇ～～～～？	sud_vo_adv_cidol-hski-3-017_03_krnh-008	sud_vo_adv_cidol-hski-3-017_03	41	2.163	reject	C:\Repositories\GakumasuVoice\output\rinha\items\reject\えぇ～～～～？.wav	C:\Repositories\GakumasuVoice\output\rinha\items\reject\えぇ～～～～？.json	/data/data/com.bandainamcoent.idolmaster_gakuen/files/octo/v1/400/9/5235373239/22e08396fb24c3796f4e8ff9dc44da35	182	183	/data/data/com.bandainamcoent.idolmaster_gakuen/files/octo/v1/400/7/523131313237/251bf4f2f017b08e4f31251feed93867
238	燐羽	誰に？	sud_vo_adv_cidol-hski-3-017_03_krnh-009	sud_vo_adv_cidol-hski-3-017_03	42	0.862	reject	C:\Repositories\GakumasuVoice\output\rinha\items\reject\誰に？.wav	C:\Repositories\GakumasuVoice\output\rinha\items\reject\誰に？.json	/data/data/com.bandainamcoent.idolmaster_gakuen/files/octo/v1/400/9/5235373239/22e08396fb24c3796f4e8ff9dc44da35	222	223	/data/data/com.bandainamcoent.idolmaster_gakuen/files/octo/v1/400/7/523131313237/251bf4f2f017b08e4f31251feed93867
239	燐羽	らしくなってきた。	sud_vo_adv_cidol-hski-3-017_03_krnh-010	sud_vo_adv_cidol-hski-3-017_03	43	1.626	reject	C:\Repositories\GakumasuVoice\output\rinha\items\reject\らしくなってきた。.wav	C:\Repositories\GakumasuVoice\output\rinha\items\reject\らしくなってきた。.json	/data/data/com.bandainamcoent.idolmaster_gakuen/files/octo/v1/400/9/5235373239/22e08396fb24c3796f4e8ff9dc44da35	254	255	/data/data/com.bandainamcoent.idolmaster_gakuen/files/octo/v1/400/7/523131313237/251bf4f2f017b08e4f31251feed93867
240	燐羽	ほうら、やっぱり私のアドバイスが\nぴったりじゃない。	sud_vo_adv_cidol-hski-3-017_03_krnh-011	sud_vo_adv_cidol-hski-3-017_03	44	4.855	keep	C:\Repositories\GakumasuVoice\output\rinha\items\keep\ほうら、やっぱり私のアドバイスが_ぴったりじゃない。.wav	C:\Repositories\GakumasuVoice\output\rinha\items\keep\ほうら、やっぱり私のアドバイスが_ぴったりじゃない。.json	/data/data/com.bandainamcoent.idolmaster_gakuen/files/octo/v1/400/9/5235373239/22e08396fb24c3796f4e8ff9dc44da35	262	263	/data/data/com.bandainamcoent.idolmaster_gakuen/files/octo/v1/400/7/523131313237/251bf4f2f017b08e4f31251feed93867
241	佑芽と佑芽？	レッスンしてレッスンしてレッスンして\nレッスンしてぇ～～～～～！	sud_vo_adv_dear_hmsz_014_krnh-001	sud_vo_adv_dear_hmsz_014	39	5.151	keep	C:\Repositories\GakumasuVoice\output\rinha\items\keep\レッスンしてレッスンしてレッスンして_レッスンしてぇ～～～～～！.wav	C:\Repositories\GakumasuVoice\output\rinha\items\keep\レッスンしてレッスンしてレッスンして_レッスンしてぇ～～～～～！.json	/data/data/com.bandainamcoent.idolmaster_gakuen/files/octo/v1/400/9/5236333639/0ec9af266bf320a4451c4d27b69bc36d	117	121	/data/data/com.bandainamcoent.idolmaster_gakuen/files/octo/v1/400/0/5237393130/d6a180677d956fc79ffea3a702dbeb77
242	佑芽と佑芽？	お姉ちゃんに勝つぞぉ～～～～～っ！！	sud_vo_adv_dear_hmsz_014_krnh-002	sud_vo_adv_dear_hmsz_014	40	4.446	keep	C:\Repositories\GakumasuVoice\output\rinha\items\keep\お姉ちゃんに勝つぞぉ～～～～～っ！！.wav	C:\Repositories\GakumasuVoice\output\rinha\items\keep\お姉ちゃんに勝つぞぉ～～～～～っ！！.json	/data/data/com.bandainamcoent.idolmaster_gakuen/files/octo/v1/400/9/5236333639/0ec9af266bf320a4451c4d27b69bc36d	122	127	/data/data/com.bandainamcoent.idolmaster_gakuen/files/octo/v1/400/0/5237393130/d6a180677d956fc79ffea3a702dbeb77
243	燐羽	ノックもせずに入ってくるなんて、\nマナー悪いのね。	sud_vo_adv_dear_hmsz_014_krnh-003	sud_vo_adv_dear_hmsz_014	41	4.730	keep	C:\Repositories\GakumasuVoice\output\rinha\items\keep\ノックもせずに入ってくるなんて、_マナー悪いのね。.wav	C:\Repositories\GakumasuVoice\output\rinha\items\keep\ノックもせずに入ってくるなんて、_マナー悪いのね。.json	/data/data/com.bandainamcoent.idolmaster_gakuen/files/octo/v1/400/9/5236333639/0ec9af266bf320a4451c4d27b69bc36d	145	151	/data/data/com.bandainamcoent.idolmaster_gakuen/files/octo/v1/400/0/5237393130/d6a180677d956fc79ffea3a702dbeb77
244	燐羽	フッ……なに、その顔は？	sud_vo_adv_dear_hmsz_014_krnh-004	sud_vo_adv_dear_hmsz_014	42	3.520	keep	C:\Repositories\GakumasuVoice\output\rinha\items\keep\フッ……なに、その顔は？.wav	C:\Repositories\GakumasuVoice\output\rinha\items\keep\フッ……なに、その顔は？.json	/data/data/com.bandainamcoent.idolmaster_gakuen/files/octo/v1/400/9/5236333639/0ec9af266bf320a4451c4d27b69bc36d	152	153	/data/data/com.bandainamcoent.idolmaster_gakuen/files/octo/v1/400/0/5237393130/d6a180677d956fc79ffea3a702dbeb77
245	燐羽	ただのデモンストレーション。\nこれからするレッスンのね。	sud_vo_adv_dear_hmsz_014_krnh-005	sud_vo_adv_dear_hmsz_014	43	4.431	keep	C:\Repositories\GakumasuVoice\output\rinha\items\keep\ただのデモンストレーション。_これからするレッスンのね。.wav	C:\Repositories\GakumasuVoice\output\rinha\items\keep\ただのデモンストレーション。_これからするレッスンのね。.json	/data/data/com.bandainamcoent.idolmaster_gakuen/files/octo/v1/400/9/5236333639/0ec9af266bf320a4451c4d27b69bc36d	159	160	/data/data/com.bandainamcoent.idolmaster_gakuen/files/octo/v1/400/0/5237393130/d6a180677d956fc79ffea3a702dbeb77
246	燐羽	見ての通り、これから\n佑芽を鍛えてあげるの。	sud_vo_adv_dear_hmsz_014_krnh-006	sud_vo_adv_dear_hmsz_014	44	4.803	keep	C:\Repositories\GakumasuVoice\output\rinha\items\keep\見ての通り、これから_佑芽を鍛えてあげるの。.wav	C:\Repositories\GakumasuVoice\output\rinha\items\keep\見ての通り、これから_佑芽を鍛えてあげるの。.json	/data/data/com.bandainamcoent.idolmaster_gakuen/files/octo/v1/400/9/5236333639/0ec9af266bf320a4451c4d27b69bc36d	168	169	/data/data/com.bandainamcoent.idolmaster_gakuen/files/octo/v1/400/0/5237393130/d6a180677d956fc79ffea3a702dbeb77
247	燐羽	悪い？	sud_vo_adv_dear_hmsz_014_krnh-007	sud_vo_adv_dear_hmsz_014	45	1.166	reject	C:\Repositories\GakumasuVoice\output\rinha\items\reject\悪い？.wav	C:\Repositories\GakumasuVoice\output\rinha\items\reject\悪い？.json	/data/data/com.bandainamcoent.idolmaster_gakuen/files/octo/v1/400/9/5236333639/0ec9af266bf320a4451c4d27b69bc36d	180	183	/data/data/com.bandainamcoent.idolmaster_gakuen/files/octo/v1/400/0/5237393130/d6a180677d956fc79ffea3a702dbeb77
248	燐羽	『N.I.A』のオーディションで\n知り合ったの。――ね、佑芽？	sud_vo_adv_dear_hmsz_014_krnh-008	sud_vo_adv_dear_hmsz_014	46	5.652	keep	C:\Repositories\GakumasuVoice\output\rinha\items\keep\『N.I.A』のオーディションで_知り合ったの。――ね、佑芽？.wav	C:\Repositories\GakumasuVoice\output\rinha\items\keep\『N.I.A』のオーディションで_知り合ったの。――ね、佑芽？.json	/data/data/com.bandainamcoent.idolmaster_gakuen/files/octo/v1/400/9/5236333639/0ec9af266bf320a4451c4d27b69bc36d	193	202	/data/data/com.bandainamcoent.idolmaster_gakuen/files/octo/v1/400/0/5237393130/d6a180677d956fc79ffea3a702dbeb77
249	燐羽	しってる。……でも、個人レッスンは\nしてほしいんでしょ？	sud_vo_adv_dear_hmsz_014_krnh-009	sud_vo_adv_dear_hmsz_014	47	5.681	keep	C:\Repositories\GakumasuVoice\output\rinha\items\keep\しってる。……でも、個人レッスンは_してほしいんでしょ？.wav	C:\Repositories\GakumasuVoice\output\rinha\items\keep\しってる。……でも、個人レッスンは_してほしいんでしょ？.json	/data/data/com.bandainamcoent.idolmaster_gakuen/files/octo/v1/400/9/5236333639/0ec9af266bf320a4451c4d27b69bc36d	212	213	/data/data/com.bandainamcoent.idolmaster_gakuen/files/octo/v1/400/0/5237393130/d6a180677d956fc79ffea3a702dbeb77
250	燐羽	いいけど。\nその代わり、ちゃあんと見せてね。	sud_vo_adv_dear_hmsz_014_krnh-010	sud_vo_adv_dear_hmsz_014	48	5.230	keep	C:\Repositories\GakumasuVoice\output\rinha\items\keep\いいけど。_その代わり、ちゃあんと見せてね。.wav	C:\Repositories\GakumasuVoice\output\rinha\items\keep\いいけど。_その代わり、ちゃあんと見せてね。.json	/data/data/com.bandainamcoent.idolmaster_gakuen/files/octo/v1/400/9/5236333639/0ec9af266bf320a4451c4d27b69bc36d	223	224	/data/data/com.bandainamcoent.idolmaster_gakuen/files/octo/v1/400/0/5237393130/d6a180677d956fc79ffea3a702dbeb77
251	燐羽	咲季お姉ちゃんが、妹に、\n無様に負けるところ。	sud_vo_adv_dear_hmsz_014_krnh-011	sud_vo_adv_dear_hmsz_014	49	5.648	keep	C:\Repositories\GakumasuVoice\output\rinha\items\keep\咲季お姉ちゃんが、妹に、_無様に負けるところ。.wav	C:\Repositories\GakumasuVoice\output\rinha\items\keep\咲季お姉ちゃんが、妹に、_無様に負けるところ。.json	/data/data/com.bandainamcoent.idolmaster_gakuen/files/octo/v1/400/9/5236333639/0ec9af266bf320a4451c4d27b69bc36d	225	226	/data/data/com.bandainamcoent.idolmaster_gakuen/files/octo/v1/400/0/5237393130/d6a180677d956fc79ffea3a702dbeb77
252	燐羽	……じろじろ見るのやめてくれない？	sud_vo_adv_dear_hmsz_014_krnh-012	sud_vo_adv_dear_hmsz_014	50	2.473	reject	C:\Repositories\GakumasuVoice\output\rinha\items\reject\……じろじろ見るのやめてくれない？.wav	C:\Repositories\GakumasuVoice\output\rinha\items\reject\……じろじろ見るのやめてくれない？.json	/data/data/com.bandainamcoent.idolmaster_gakuen/files/octo/v1/400/9/5236333639/0ec9af266bf320a4451c4d27b69bc36d	269	274	/data/data/com.bandainamcoent.idolmaster_gakuen/files/octo/v1/400/0/5237393130/d6a180677d956fc79ffea3a702dbeb77
253	燐羽	一度も会ってないけど。\n手毬に用なんてないもの。	sud_vo_adv_dear_hmsz_014_krnh-013	sud_vo_adv_dear_hmsz_014	51	5.041	keep	C:\Repositories\GakumasuVoice\output\rinha\items\keep\一度も会ってないけど。_手毬に用なんてないもの。.wav	C:\Repositories\GakumasuVoice\output\rinha\items\keep\一度も会ってないけど。_手毬に用なんてないもの。.json	/data/data/com.bandainamcoent.idolmaster_gakuen/files/octo/v1/400/9/5236333639/0ec9af266bf320a4451c4d27b69bc36d	287	288	/data/data/com.bandainamcoent.idolmaster_gakuen/files/octo/v1/400/0/5237393130/d6a180677d956fc79ffea3a702dbeb77
254	燐羽	そんなことしたら、いますぐ帰るから。\nうっとうしいのよ、あの子――	sud_vo_adv_dear_hmsz_014_krnh-014	sud_vo_adv_dear_hmsz_014	52	5.625	keep	C:\Repositories\GakumasuVoice\output\rinha\items\keep\そんなことしたら、いますぐ帰るから。_うっとうしいのよ、あの子――.wav	C:\Repositories\GakumasuVoice\output\rinha\items\keep\そんなことしたら、いますぐ帰るから。_うっとうしいのよ、あの子――.json	/data/data/com.bandainamcoent.idolmaster_gakuen/files/octo/v1/400/9/5236333639/0ec9af266bf320a4451c4d27b69bc36d	296	297	/data/data/com.bandainamcoent.idolmaster_gakuen/files/octo/v1/400/0/5237393130/d6a180677d956fc79ffea3a702dbeb77
255	燐羽	……へえ、はじめて見た。\n――で、それがなに？	sud_vo_adv_dear_hmsz_014_krnh-015	sud_vo_adv_dear_hmsz_014	53	6.404	keep	C:\Repositories\GakumasuVoice\output\rinha\items\keep\……へえ、はじめて見た。_――で、それがなに？.wav	C:\Repositories\GakumasuVoice\output\rinha\items\keep\……へえ、はじめて見た。_――で、それがなに？.json	/data/data/com.bandainamcoent.idolmaster_gakuen/files/octo/v1/400/9/5236333639/0ec9af266bf320a4451c4d27b69bc36d	311	312	/data/data/com.bandainamcoent.idolmaster_gakuen/files/octo/v1/400/0/5237393130/d6a180677d956fc79ffea3a702dbeb77
256	？？？	――ねぇっ、あなたたちも、\nライブを観にきたの！？	sud_vo_adv_cidol-ttmr-3-009_02_krnh-001	sud_vo_adv_cidol-ttmr-3-009_02	2	4.000	keep	C:\Repositories\GakumasuVoice\output\rinha\items\keep\――ねぇっ、あなたたちも、_ライブを観にきたの！？.wav	C:\Repositories\GakumasuVoice\output\rinha\items\keep\――ねぇっ、あなたたちも、_ライブを観にきたの！？.json	/data/data/com.bandainamcoent.idolmaster_gakuen/files/octo/v1/400/9/5236363539/5f51cb1aed3fe9ff24a72c26a6f9968a	4	5	/data/data/com.bandainamcoent.idolmaster_gakuen/files/octo/v1/400/2/523130323632/2b4b6c2f0d00885cde8d06805756ba8d
257	燐羽	――私、賀陽燐羽！　あなたたちは？	sud_vo_adv_cidol-ttmr-3-009_02_krnh-002	sud_vo_adv_cidol-ttmr-3-009_02	3	4.332	keep	C:\Repositories\GakumasuVoice\output\rinha\items\keep\――私、賀陽燐羽！_あなたたちは？.wav	C:\Repositories\GakumasuVoice\output\rinha\items\keep\――私、賀陽燐羽！_あなたたちは？.json	/data/data/com.bandainamcoent.idolmaster_gakuen/files/octo/v1/400/9/5236363539/5f51cb1aed3fe9ff24a72c26a6f9968a	44	45	/data/data/com.bandainamcoent.idolmaster_gakuen/files/octo/v1/400/2/523130323632/2b4b6c2f0d00885cde8d06805756ba8d
258	燐羽	――すごいでしょ、私のお姉ちゃん。	sud_vo_adv_cidol-ttmr-3-009_02_krnh-003	sud_vo_adv_cidol-ttmr-3-009_02	4	3.098	keep	C:\Repositories\GakumasuVoice\output\rinha\items\keep\――すごいでしょ、私のお姉ちゃん。.wav	C:\Repositories\GakumasuVoice\output\rinha\items\keep\――すごいでしょ、私のお姉ちゃん。.json	/data/data/com.bandainamcoent.idolmaster_gakuen/files/octo/v1/400/9/5236363539/5f51cb1aed3fe9ff24a72c26a6f9968a	103	107	/data/data/com.bandainamcoent.idolmaster_gakuen/files/octo/v1/400/2/523130323632/2b4b6c2f0d00885cde8d06805756ba8d
259	燐羽	――いつか、私も。	sud_vo_adv_cidol-ttmr-3-009_02_krnh-004	sud_vo_adv_cidol-ttmr-3-009_02	5	1.800	reject	C:\Repositories\GakumasuVoice\output\rinha\items\reject\――いつか、私も。.wav	C:\Repositories\GakumasuVoice\output\rinha\items\reject\――いつか、私も。.json	/data/data/com.bandainamcoent.idolmaster_gakuen/files/octo/v1/400/9/5236363539/5f51cb1aed3fe9ff24a72c26a6f9968a	113	114	/data/data/com.bandainamcoent.idolmaster_gakuen/files/octo/v1/400/2/523130323632/2b4b6c2f0d00885cde8d06805756ba8d
260	燐羽	――あんなふうに、歌うんだぁ。	sud_vo_adv_cidol-ttmr-3-009_02_krnh-005	sud_vo_adv_cidol-ttmr-3-009_02	6	2.795	reject	C:\Repositories\GakumasuVoice\output\rinha\items\reject\――あんなふうに、歌うんだぁ。.wav	C:\Repositories\GakumasuVoice\output\rinha\items\reject\――あんなふうに、歌うんだぁ。.json	/data/data/com.bandainamcoent.idolmaster_gakuen/files/octo/v1/400/9/5236363539/5f51cb1aed3fe9ff24a72c26a6f9968a	115	116	/data/data/com.bandainamcoent.idolmaster_gakuen/files/octo/v1/400/2/523130323632/2b4b6c2f0d00885cde8d06805756ba8d
261	燐羽	――お姉ちゃん。	sud_vo_adv_dear_hski_026_krnh-001	sud_vo_adv_dear_hski_026	35	0.882	reject	C:\Repositories\GakumasuVoice\output\rinha\items\reject\――お姉ちゃん。.wav	C:\Repositories\GakumasuVoice\output\rinha\items\reject\――お姉ちゃん。.json	/data/data/com.bandainamcoent.idolmaster_gakuen/files/octo/v1/400/9/52383039/72e099696c3310e3a442a222695f83fa	27	28	/data/data/com.bandainamcoent.idolmaster_gakuen/files/octo/v1/400/4/5239323934/82526dd7eb26694007f41d695c674cd5
262	燐羽	今夜のデートは終わり？	sud_vo_adv_dear_hski_026_krnh-002	sud_vo_adv_dear_hski_026	36	2.156	reject	C:\Repositories\GakumasuVoice\output\rinha\items\reject\今夜のデートは終わり？.wav	C:\Repositories\GakumasuVoice\output\rinha\items\reject\今夜のデートは終わり？.json	/data/data/com.bandainamcoent.idolmaster_gakuen/files/octo/v1/400/9/52383039/72e099696c3310e3a442a222695f83fa	45	46	/data/data/com.bandainamcoent.idolmaster_gakuen/files/octo/v1/400/4/5239323934/82526dd7eb26694007f41d695c674cd5
263	燐羽	まだ夜の9時じゃない。もう寝るの？	sud_vo_adv_dear_hski_026_krnh-003	sud_vo_adv_dear_hski_026	37	3.918	keep	C:\Repositories\GakumasuVoice\output\rinha\items\keep\まだ夜の9時じゃない。もう寝るの？.wav	C:\Repositories\GakumasuVoice\output\rinha\items\keep\まだ夜の9時じゃない。もう寝るの？.json	/data/data/com.bandainamcoent.idolmaster_gakuen/files/octo/v1/400/9/52383039/72e099696c3310e3a442a222695f83fa	67	68	/data/data/com.bandainamcoent.idolmaster_gakuen/files/octo/v1/400/4/5239323934/82526dd7eb26694007f41d695c674cd5
264	燐羽	……そう。	sud_vo_adv_dear_hski_026_krnh-004	sud_vo_adv_dear_hski_026	38	0.956	reject	C:\Repositories\GakumasuVoice\output\rinha\items\reject\……そう。.wav	C:\Repositories\GakumasuVoice\output\rinha\items\reject\……そう。.json	/data/data/com.bandainamcoent.idolmaster_gakuen/files/octo/v1/400/9/52383039/72e099696c3310e3a442a222695f83fa	82	83	/data/data/com.bandainamcoent.idolmaster_gakuen/files/octo/v1/400/4/5239323934/82526dd7eb26694007f41d695c674cd5
265	燐羽	あなた、メッキなんてない方が素敵よ。	sud_vo_adv_dear_hski_026_krnh-005	sud_vo_adv_dear_hski_026	39	4.042	keep	C:\Repositories\GakumasuVoice\output\rinha\items\keep\あなた、メッキなんてない方が素敵よ。-3.wav	C:\Repositories\GakumasuVoice\output\rinha\items\keep\あなた、メッキなんてない方が素敵よ。-3.json	/data/data/com.bandainamcoent.idolmaster_gakuen/files/octo/v1/400/9/52383039/72e099696c3310e3a442a222695f83fa	96	97	/data/data/com.bandainamcoent.idolmaster_gakuen/files/octo/v1/400/4/5239323934/82526dd7eb26694007f41d695c674cd5
266	燐羽	ん～～～～…………	sud_vo_adv_dear_hski_026_krnh-006	sud_vo_adv_dear_hski_026	40	3.522	keep	C:\Repositories\GakumasuVoice\output\rinha\items\keep\ん～～～～………….wav	C:\Repositories\GakumasuVoice\output\rinha\items\keep\ん～～～～………….json	/data/data/com.bandainamcoent.idolmaster_gakuen/files/octo/v1/400/9/52383039/72e099696c3310e3a442a222695f83fa	120	121	/data/data/com.bandainamcoent.idolmaster_gakuen/files/octo/v1/400/4/5239323934/82526dd7eb26694007f41d695c674cd5
267	燐羽	……思ってたのと違うのは、そうね。\nだけど……	sud_vo_adv_dear_hski_026_krnh-007	sud_vo_adv_dear_hski_026	41	6.011	keep	C:\Repositories\GakumasuVoice\output\rinha\items\keep\……思ってたのと違うのは、そうね。_だけど…….wav	C:\Repositories\GakumasuVoice\output\rinha\items\keep\……思ってたのと違うのは、そうね。_だけど…….json	/data/data/com.bandainamcoent.idolmaster_gakuen/files/octo/v1/400/9/52383039/72e099696c3310e3a442a222695f83fa	129	130	/data/data/com.bandainamcoent.idolmaster_gakuen/files/octo/v1/400/4/5239323934/82526dd7eb26694007f41d695c674cd5
268	燐羽	妹に負けて。\n絶対に負けられない勝負に負けて。	sud_vo_adv_dear_hski_026_krnh-008	sud_vo_adv_dear_hski_026	42	6.148	keep	C:\Repositories\GakumasuVoice\output\rinha\items\keep\妹に負けて。_絶対に負けられない勝負に負けて。.wav	C:\Repositories\GakumasuVoice\output\rinha\items\keep\妹に負けて。_絶対に負けられない勝負に負けて。.json	/data/data/com.bandainamcoent.idolmaster_gakuen/files/octo/v1/400/9/52383039/72e099696c3310e3a442a222695f83fa	138	139	/data/data/com.bandainamcoent.idolmaster_gakuen/files/octo/v1/400/4/5239323934/82526dd7eb26694007f41d695c674cd5
269	燐羽	あなたがどうなれば、満足だったのか。\n自分でもわかんない。	sud_vo_adv_dear_hski_026_krnh-009	sud_vo_adv_dear_hski_026	43	6.011	keep	C:\Repositories\GakumasuVoice\output\rinha\items\keep\あなたがどうなれば、満足だったのか。_自分でもわかんない。.wav	C:\Repositories\GakumasuVoice\output\rinha\items\keep\あなたがどうなれば、満足だったのか。_自分でもわかんない。.json	/data/data/com.bandainamcoent.idolmaster_gakuen/files/octo/v1/400/9/52383039/72e099696c3310e3a442a222695f83fa	140	141	/data/data/com.bandainamcoent.idolmaster_gakuen/files/octo/v1/400/4/5239323934/82526dd7eb26694007f41d695c674cd5
270	燐羽	……なにか聞きたそうな顔。	sud_vo_adv_dear_hski_026_krnh-010	sud_vo_adv_dear_hski_026	44	2.033	reject	C:\Repositories\GakumasuVoice\output\rinha\items\reject\……なにか聞きたそうな顔。.wav	C:\Repositories\GakumasuVoice\output\rinha\items\reject\……なにか聞きたそうな顔。.json	/data/data/com.bandainamcoent.idolmaster_gakuen/files/octo/v1/400/9/52383039/72e099696c3310e3a442a222695f83fa	158	159	/data/data/com.bandainamcoent.idolmaster_gakuen/files/octo/v1/400/4/5239323934/82526dd7eb26694007f41d695c674cd5
271	燐羽	……似ていたから。	sud_vo_adv_dear_hski_026_krnh-011	sud_vo_adv_dear_hski_026	45	1.208	reject	C:\Repositories\GakumasuVoice\output\rinha\items\reject\……似ていたから。.wav	C:\Repositories\GakumasuVoice\output\rinha\items\reject\……似ていたから。.json	/data/data/com.bandainamcoent.idolmaster_gakuen/files/octo/v1/400/9/52383039/72e099696c3310e3a442a222695f83fa	189	190	/data/data/com.bandainamcoent.idolmaster_gakuen/files/octo/v1/400/4/5239323934/82526dd7eb26694007f41d695c674cd5
272	燐羽	私にも、アイドルのお姉ちゃんがいて。\n憧れていて、一番の目標で。	sud_vo_adv_dear_hski_026_krnh-012	sud_vo_adv_dear_hski_026	46	8.676	keep	C:\Repositories\GakumasuVoice\output\rinha\items\keep\私にも、アイドルのお姉ちゃんがいて。_憧れていて、一番の目標で。.wav	C:\Repositories\GakumasuVoice\output\rinha\items\keep\私にも、アイドルのお姉ちゃんがいて。_憧れていて、一番の目標で。.json	/data/data/com.bandainamcoent.idolmaster_gakuen/files/octo/v1/400/9/52383039/72e099696c3310e3a442a222695f83fa	198	199	/data/data/com.bandainamcoent.idolmaster_gakuen/files/octo/v1/400/4/5239323934/82526dd7eb26694007f41d695c674cd5
273	燐羽	お姉ちゃんみたいなアイドルに\nなるのが夢だった。	sud_vo_adv_dear_hski_026_krnh-013	sud_vo_adv_dear_hski_026	47	3.308	keep	C:\Repositories\GakumasuVoice\output\rinha\items\keep\お姉ちゃんみたいなアイドルに_なるのが夢だった。.wav	C:\Repositories\GakumasuVoice\output\rinha\items\keep\お姉ちゃんみたいなアイドルに_なるのが夢だった。.json	/data/data/com.bandainamcoent.idolmaster_gakuen/files/octo/v1/400/9/52383039/72e099696c3310e3a442a222695f83fa	200	201	/data/data/com.bandainamcoent.idolmaster_gakuen/files/octo/v1/400/4/5239323934/82526dd7eb26694007f41d695c674cd5
274	燐羽	太陽みたいなあの人を、しゃにむに\n追いかけるのが嬉しかった。	sud_vo_adv_dear_hski_026_krnh-014	sud_vo_adv_dear_hski_026	48	5.103	keep	C:\Repositories\GakumasuVoice\output\rinha\items\keep\太陽みたいなあの人を、しゃにむに_追いかけるのが嬉しかった。.wav	C:\Repositories\GakumasuVoice\output\rinha\items\keep\太陽みたいなあの人を、しゃにむに_追いかけるのが嬉しかった。.json	/data/data/com.bandainamcoent.idolmaster_gakuen/files/octo/v1/400/9/52383039/72e099696c3310e3a442a222695f83fa	205	206	/data/data/com.bandainamcoent.idolmaster_gakuen/files/octo/v1/400/4/5239323934/82526dd7eb26694007f41d695c674cd5
275	燐羽	仲間と一緒に、大騒ぎしながら\n走るのが……楽しかった。	sud_vo_adv_dear_hski_026_krnh-015	sud_vo_adv_dear_hski_026	49	6.837	keep	C:\Repositories\GakumasuVoice\output\rinha\items\keep\仲間と一緒に、大騒ぎしながら_走るのが……楽しかった。.wav	C:\Repositories\GakumasuVoice\output\rinha\items\keep\仲間と一緒に、大騒ぎしながら_走るのが……楽しかった。.json	/data/data/com.bandainamcoent.idolmaster_gakuen/files/octo/v1/400/9/52383039/72e099696c3310e3a442a222695f83fa	212	213	/data/data/com.bandainamcoent.idolmaster_gakuen/files/octo/v1/400/4/5239323934/82526dd7eb26694007f41d695c674cd5
276	燐羽	ようやく夢に追いついて、\n勢いあまって追い越しちゃって。	sud_vo_adv_dear_hski_026_krnh-016	sud_vo_adv_dear_hski_026	50	5.481	keep	C:\Repositories\GakumasuVoice\output\rinha\items\keep\ようやく夢に追いついて、_勢いあまって追い越しちゃって。.wav	C:\Repositories\GakumasuVoice\output\rinha\items\keep\ようやく夢に追いついて、_勢いあまって追い越しちゃって。.json	/data/data/com.bandainamcoent.idolmaster_gakuen/files/octo/v1/400/9/52383039/72e099696c3310e3a442a222695f83fa	216	217	/data/data/com.bandainamcoent.idolmaster_gakuen/files/octo/v1/400/4/5239323934/82526dd7eb26694007f41d695c674cd5
277	燐羽	振り返って近くで見たら、\n目指したひとはボロボロで。\nあちこち穴だらけで――	sud_vo_adv_dear_hski_026_krnh-017	sud_vo_adv_dear_hski_026	51	8.678	keep	C:\Repositories\GakumasuVoice\output\rinha\items\keep\振り返って近くで見たら、_目指したひとはボロボロで。_あちこち穴だらけで――.wav	C:\Repositories\GakumasuVoice\output\rinha\items\keep\振り返って近くで見たら、_目指したひとはボロボロで。_あちこち穴だらけで――.json	/data/data/com.bandainamcoent.idolmaster_gakuen/files/octo/v1/400/9/52383039/72e099696c3310e3a442a222695f83fa	222	223	/data/data/com.bandainamcoent.idolmaster_gakuen/files/octo/v1/400/4/5239323934/82526dd7eb26694007f41d695c674cd5
278	燐羽	ぜんぶ、私があけた穴だった。	sud_vo_adv_dear_hski_026_krnh-018	sud_vo_adv_dear_hski_026	52	3.866	keep	C:\Repositories\GakumasuVoice\output\rinha\items\keep\ぜんぶ、私があけた穴だった。.wav	C:\Repositories\GakumasuVoice\output\rinha\items\keep\ぜんぶ、私があけた穴だった。.json	/data/data/com.bandainamcoent.idolmaster_gakuen/files/octo/v1/400/9/52383039/72e099696c3310e3a442a222695f83fa	231	232	/data/data/com.bandainamcoent.idolmaster_gakuen/files/octo/v1/400/4/5239323934/82526dd7eb26694007f41d695c674cd5
279	燐羽	たいした才能もないくせに、\n無責任なこと言わないでくれる？	sud_vo_adv_dear_hski_026_krnh-019	sud_vo_adv_dear_hski_026	53	5.967	keep	C:\Repositories\GakumasuVoice\output\rinha\items\keep\たいした才能もないくせに、_無責任なこと言わないでくれる？.wav	C:\Repositories\GakumasuVoice\output\rinha\items\keep\たいした才能もないくせに、_無責任なこと言わないでくれる？.json	/data/data/com.bandainamcoent.idolmaster_gakuen/files/octo/v1/400/9/52383039/72e099696c3310e3a442a222695f83fa	257	258	/data/data/com.bandainamcoent.idolmaster_gakuen/files/octo/v1/400/4/5239323934/82526dd7eb26694007f41d695c674cd5
280	燐羽	我ながら、気持ち悪い執着。	sud_vo_adv_dear_hski_026_krnh-020	sud_vo_adv_dear_hski_026	54	3.776	keep	C:\Repositories\GakumasuVoice\output\rinha\items\keep\我ながら、気持ち悪い執着。.wav	C:\Repositories\GakumasuVoice\output\rinha\items\keep\我ながら、気持ち悪い執着。.json	/data/data/com.bandainamcoent.idolmaster_gakuen/files/octo/v1/400/9/52383039/72e099696c3310e3a442a222695f83fa	273	274	/data/data/com.bandainamcoent.idolmaster_gakuen/files/octo/v1/400/4/5239323934/82526dd7eb26694007f41d695c674cd5
281	燐羽	わかっているわ。\n花海佑芽は賀陽燐羽じゃないし、\nあなたは私のお姉ちゃんじゃない。	sud_vo_adv_dear_hski_026_krnh-021	sud_vo_adv_dear_hski_026	55	8.680	keep	C:\Repositories\GakumasuVoice\output\rinha\items\keep\わかっているわ。_花海佑芽は賀陽燐羽じゃないし、_あなたは私のお姉ちゃんじゃない。.wav	C:\Repositories\GakumasuVoice\output\rinha\items\keep\わかっているわ。_花海佑芽は賀陽燐羽じゃないし、_あなたは私のお姉ちゃんじゃない。.json	/data/data/com.bandainamcoent.idolmaster_gakuen/files/octo/v1/400/9/52383039/72e099696c3310e3a442a222695f83fa	282	283	/data/data/com.bandainamcoent.idolmaster_gakuen/files/octo/v1/400/4/5239323934/82526dd7eb26694007f41d695c674cd5
282	燐羽	私が憧れたあのひとは、\n世界にたったひとりだけで。\n誰も代わりにはなれない。	sud_vo_adv_dear_hski_026_krnh-022	sud_vo_adv_dear_hski_026	56	9.002	keep	C:\Repositories\GakumasuVoice\output\rinha\items\keep\私が憧れたあのひとは、_世界にたったひとりだけで。_誰も代わりにはなれない。.wav	C:\Repositories\GakumasuVoice\output\rinha\items\keep\私が憧れたあのひとは、_世界にたったひとりだけで。_誰も代わりにはなれない。.json	/data/data/com.bandainamcoent.idolmaster_gakuen/files/octo/v1/400/9/52383039/72e099696c3310e3a442a222695f83fa	287	288	/data/data/com.bandainamcoent.idolmaster_gakuen/files/octo/v1/400/4/5239323934/82526dd7eb26694007f41d695c674cd5
283	燐羽	だけど……だから。	sud_vo_adv_dear_hski_026_krnh-023	sud_vo_adv_dear_hski_026	57	3.142	keep	C:\Repositories\GakumasuVoice\output\rinha\items\keep\だけど……だから。.wav	C:\Repositories\GakumasuVoice\output\rinha\items\keep\だけど……だから。.json	/data/data/com.bandainamcoent.idolmaster_gakuen/files/octo/v1/400/9/52383039/72e099696c3310e3a442a222695f83fa	291	292	/data/data/com.bandainamcoent.idolmaster_gakuen/files/octo/v1/400/4/5239323934/82526dd7eb26694007f41d695c674cd5
284	燐羽	私たちより、ちょっとはマシな結末に\nなればいいな、って。そう思ったのよ。	sud_vo_adv_dear_hski_026_krnh-024	sud_vo_adv_dear_hski_026	58	9.100	keep	C:\Repositories\GakumasuVoice\output\rinha\items\keep\私たちより、ちょっとはマシな結末に_なればいいな、って。そう思ったのよ。.wav	C:\Repositories\GakumasuVoice\output\rinha\items\keep\私たちより、ちょっとはマシな結末に_なればいいな、って。そう思ったのよ。.json	/data/data/com.bandainamcoent.idolmaster_gakuen/files/octo/v1/400/9/52383039/72e099696c3310e3a442a222695f83fa	299	300	/data/data/com.bandainamcoent.idolmaster_gakuen/files/octo/v1/400/4/5239323934/82526dd7eb26694007f41d695c674cd5
285	燐羽	おやすみなさい――……咲季。	sud_vo_adv_dear_hski_026_krnh-025	sud_vo_adv_dear_hski_026	59	2.697	reject	C:\Repositories\GakumasuVoice\output\rinha\items\reject\おやすみなさい――……咲季。.wav	C:\Repositories\GakumasuVoice\output\rinha\items\reject\おやすみなさい――……咲季。.json	/data/data/com.bandainamcoent.idolmaster_gakuen/files/octo/v1/400/9/52383039/72e099696c3310e3a442a222695f83fa	321	322	/data/data/com.bandainamcoent.idolmaster_gakuen/files/octo/v1/400/4/5239323934/82526dd7eb26694007f41d695c674cd5
286	燐羽	明日のライブ、がんばって。	sud_vo_adv_dear_hski_026_krnh-026	sud_vo_adv_dear_hski_026	60	3.238	keep	C:\Repositories\GakumasuVoice\output\rinha\items\keep\明日のライブ、がんばって。.wav	C:\Repositories\GakumasuVoice\output\rinha\items\keep\明日のライブ、がんばって。.json	/data/data/com.bandainamcoent.idolmaster_gakuen/files/octo/v1/400/9/52383039/72e099696c3310e3a442a222695f83fa	328	329	/data/data/com.bandainamcoent.idolmaster_gakuen/files/octo/v1/400/4/5239323934/82526dd7eb26694007f41d695c674cd5
